id,Domain,Status,Attractiveness,Demand,Length,Registrar,Created,Expires
b3b19b9b-5c91-4cad-aa00-5c425024440d,farming.at,sold,88,76,7,Ledl.net GmbH ( https://nic.at/registrar/32 ),,
0d01eccc-eb52-482d-a041-46774393a03a,farming.cloud,resell,88,76,7,"Spaceship, Inc.",11/02/2016 01:45,11/02/2026 01:45
0a4acf5d-e251-4a07-b877-407e29008d28,farming.dev,premium,88,76,7,,,
f0b32bec-b512-43ca-a272-1ff500901929,farming.gg,resell,88,76,7,Enrapture Limited (https://enrapture.gg),,
7fa36ace-8a04-4532-b294-b99175089883,farming.io,resell,88,76,7,"GoDaddy.com, LLC",05/08/2015 00:30,05/08/2026 00:30
306f9932-5f73-470d-be68-7637fe9d6da0,farming.it,resell,88,76,7,,22/01/2024 09:00,22/01/2026 00:00
3c4666d1-65a9-478b-b424-0bf7276f51ed,farming.me,expiring,88,76,7,1API GmbH,09/07/2008 17:03,09/07/2025 17:03
f73d86be-b046-41c7-b203-3194325a9082,farming.net,resell,88,76,7,Tucows Domains Inc.,30/09/1997 04:00,29/09/2025 04:00
a49efc76-a13c-4820-ac14-989854b77143,farming.site,premium,88,76,7,,,
ac8235e0-6b3b-4813-b73d-53fc6a0c3c62,farming.so,available,88,76,7,,,
baf47939-1ff0-4438-b8fc-e0718beca754,farming.store,premium,88,76,7,,,
2a3b3b1b-68ac-4222-9d9a-7818dd6b1b62,farming.tech,premium,88,76,7,,,
407dab58-53f6-4231-a5f0-14942b2693b5,farming.xyz,resell,88,76,7,"Go Daddy, LLC",02/06/2014 17:07,02/06/2026 23:59
107b7dc3-82e7-4a2c-b2eb-db69ee758289,services.la,resell,72,23,8,LA Domain Names,05/06/2023 08:45,05/06/2026 23:59
920dfcf2-02c9-4840-8c9a-8439b946d724,services.land,expiring,72,23,8,"NameSilo, LLC",03/01/2023 00:03,03/01/2026 00:03
a275ff99-d161-46e8-b8ed-8664f37ebff6,services.lawyer,premium,72,23,8,,,
cb3becda-87f4-456b-86cc-f3da48a74d34,services.lease,premium,72,23,8,,,
c17b2342-7b5c-4f76-aaec-e32f06b20bf4,services.legal,premium,72,23,8,,,
a0e14090-2cae-43e9-adaf-48fc24049457,services.lgbt,premium,72,23,8,,,
553fdc4d-8423-49ac-aa18-bb6ff0024910,services.life,resell,72,23,8,"DNSPod, Inc.",10/07/2024 15:15,10/07/2026 15:15
6e79a7c6-e2fe-4a49-9977-c338bdff2fa0,services.lifestyle,premium,72,23,8,,,
c0db8bae-6053-4932-b519-c1fb5e263fbc,services.limited,premium,72,23,8,,,
1df33447-5ac6-4c34-8ca2-da83577f3da2,services.link,premium,72,23,8,,,
f0352005-1d0c-4024-82e0-8a89d7ab40de,services.living,premium,72,23,8,,,
0798c981-2bad-4118-802e-d94af72a10f5,services.loan,premium,72,23,8,,,
113baf98-da9b-4ab0-b214-87222f8cbbbf,services.loans,available,72,23,8,,,
00c0cdbb-1087-4b6c-a1f1-dee512d3254b,services.locker,premium,72,23,8,,,
ac2cdb38-5d6b-43eb-a4dd-6fe3a5b9be69,services.love,premium,72,23,8,,,
7bf5b73f-865d-4f99-a91a-0cbac0996ed0,services.ltda,premium,72,23,8,,,
73caeb57-dfd7-487b-b572-cd5281c93647,services.luxe,resell,72,23,8,Porkbun,21/07/2021 20:03,21/07/2026 20:03
3c671cb1-cbab-44f3-a786-a1e38f51f3cc,services.luxury,premium,72,23,8,,,
0a0f55a7-079a-4041-8ca4-c2e2e3bb8468,services.makeup,premium,72,23,8,,,
64b64e7d-23e7-4e16-843c-73fde085fd0b,services.marketing,resell,72,23,8,Dynadot Inc,16/07/2025 17:00,16/07/2026 17:00
832c8112-2d67-463c-8aeb-329c70f83edb,services.mba,available,72,23,8,,,
8f272952-a3ed-4bed-9c94-95e5fa826841,services.me,resell,72,23,8,"GoDaddy.com, LLC",29/04/2008 18:02,29/04/2026 18:02
4b975c84-7418-4894-abb2-55e685a36833,services.melbourne,premium,72,23,8,,,
91ebcbb7-14b5-45b6-a6cd-7853258df354,services.meme,premium,72,23,8,,,
2df721bc-cca6-4715-b344-e0c7c3bbe713,services.memorial,available,72,23,8,,,
b000c665-cdd2-4b60-968b-42f7698dbc63,services.men,resell,72,23,8,"Spaceship, Inc.",01/03/2016 13:39,01/03/2026 13:39
702134f0-f25e-4bb0-9cfd-a278d747770b,services.menu,premium,72,23,8,,,
c0d91979-e30f-4503-b71e-ee5a986f6d87,services.miami,expiring,72,23,8,"GoDaddy.com, LLC",27/12/2021 21:29,27/12/2025 21:29
c4cdf736-cadb-4695-af19-99e23f7717e4,services.mobi,premium,72,23,8,,,
dffd3aaf-9194-42f4-ab0e-5760c35cdf21,services.moda,available,72,23,8,,,
315aaa55-e445-486c-a4ae-c207476ce3da,services.moe,premium,72,23,8,,,
a94e7122-5494-46b0-bfb6-8249e8fbac68,services.mom,premium,72,23,8,,,
b8902549-9cbe-4f1d-a621-8c42bac20b92,services.money,resell,72,23,8,"Spaceship, Inc.",07/07/2023 13:12,07/07/2026 13:12
7c42aa9c-5136-4581-84f0-0f5d491c2068,services.monster,premium,72,23,8,,,
ff9f924e-5b93-499e-8916-e5459e91b5e7,services.mortgage,premium,72,23,8,,,
3ee35e1f-b6cb-460d-aa36-dcadacb20778,services.motorcycles,premium,72,23,8,,,
e1177925-9515-46a9-ad5f-f811618fff23,services.mov,premium,72,23,8,,,
564e4a4c-33c5-468a-a0ec-30acb5c1f1ba,services.movie,available,72,23,8,,,
1f5286f7-19b8-44c7-9044-065dbec8051c,services.music,premium,72,23,8,,,
9c4cc991-f6b2-461e-8e60-01de1500f808,services.mx,available,72,23,8,,,
e47f767d-86d1-4102-8bde-9df0f2fa4a9d,services.network,premium,72,23,8,,,
85ff33f1-2880-4cd6-812f-d7dc27a68e4e,services.news,premium,72,23,8,,,
066eb3e6-58fe-4def-80c9-651875331a8f,services.ngo,premium,72,23,8,,,
8dfd08f6-01a4-49b0-a538-9c37e36a6b52,services.now,premium,72,23,8,,,
0fd76ce1-32db-4015-8d52-37e9547164cc,services.nyc,premium,72,23,8,,,
dcc04c94-be27-4fa5-8ec9-11b3f5ebfdf2,services.observer,premium,72,23,8,,,
c592b4c2-c56b-45e1-aea9-9d458c9fd96b,services.one,premium,72,23,8,,,
b9ed2654-c831-4c17-b431-f5b236201377,services.ong,premium,72,23,8,,,
2337ea68-b69d-4e1b-b102-43ee32f468ad,services.onl,sold,72,23,8,Dynadot Inc,15/12/2025 01:26,15/12/2026 01:26
3fe05864-07d9-4f83-b2b0-b45f83646628,services.online,premium,72,23,8,,,
57e1ac15-8ea5-47a9-ad68-3d502066d134,services.organic,available,72,23,8,,,
56ea035c-f93f-43f4-a89d-0658ca84b2c6,services.osaka,premium,72,23,8,,,
b27d4922-97f1-40fb-9f27-d343bfb9782f,services.page,premium,72,23,8,,,
e1047b86-0159-4a4c-a947-7ca86bb2f0af,services.partners,premium,72,23,8,,,
3d17df7b-ec89-4d3e-b3ef-663d7a4bd38c,services.parts,premium,72,23,8,,,
fd0ad9e6-7ad5-4ef6-b110-0066b42be416,services.party,premium,72,23,8,,,
c6e90f45-66a0-456a-89ad-0116222905a6,services.pet,premium,72,23,8,,,
c0b5699b-6e3f-46a5-b3a7-3696048ec625,services.phd,premium,72,23,8,,,
5748155e-9edb-49be-b181-deba28ced7bb,services.photo,premium,72,23,8,,,
42dcc9a3-fa5f-43ed-a4a6-9227adfb9813,services.photos,available,72,23,8,,,
a270f3c7-2b70-484c-b0bf-ed4e665be4a1,services.pictures,available,72,23,8,,,
00670fbb-9f2b-49d0-8976-ea4aa9658d65,services.pizza,premium,72,23,8,,,
c19d2ed8-eb1a-4a1d-a4fe-9bf38b459eef,services.place,premium,72,23,8,,,
7df433a0-23ce-477c-8f7c-d8f3cec81913,services.plumbing,premium,72,23,8,,,
927ded9d-cd53-4594-86e3-8265130359f2,services.poker,available,72,23,8,,,
9f4bfdeb-be04-4cb1-a904-40e0d021b2a7,services.porn,premium,72,23,8,,,
25ec1de9-c983-43f0-abb5-3e3daebc57b9,services.press,premium,72,23,8,,,
38fb37d8-91f2-4615-8f0f-2d0adaf4c63a,services.productions,premium,72,23,8,,,
48ddce31-1f47-40cb-a8ee-8206b42fd651,services.prof,premium,72,23,8,,,
bcdf22c4-454b-45e6-83a4-de65ec497623,services.promo,premium,72,23,8,,,
41fb0b34-1127-4e81-9dd2-5208ce5b47a8,services.properties,available,72,23,8,,,
3caaf038-3505-4b91-8a1b-e0829ac496b0,services.property,premium,72,23,8,,,
708616ec-2593-42a1-a59e-84f536f42316,services.protection,available,72,23,8,,,
a2d1a04b-429f-4e7b-ae24-896385aec29d,services.pub,resell,72,23,8,"DNSPod, Inc.",20/01/2020 16:30,20/01/2026 16:30
7559422d-9d31-478c-8d53-79fc50f6e956,services.pw,resell,72,23,8,"CHENGDU WEST DIMENSION DIGITAL TECHNOLOGY CO., LTD.",26/09/2021 08:18,26/09/2026 23:59
5eca5da3-c5f6-4cfd-8005-fda22468779c,services.qpon,available,72,23,8,,,
c92d5bbd-706c-4a62-a931-4a4358895a80,services.quest,premium,72,23,8,,,
42c90aa4-d323-4f1f-94a4-884926036dcc,services.racing,premium,72,23,8,,,
a4422535-0dc3-4c99-ab67-d299e74692b2,services.realty,premium,72,23,8,,,
e0ac2879-4e1a-43f8-87d9-4494fe06f33d,services.recipes,available,72,23,8,,,
06e61fd0-7b08-49f0-8cd0-6b4cefb50cfa,services.rehab,premium,72,23,8,,,
4719e970-899b-41e4-8458-1203663440da,services.reise,premium,72,23,8,,,
ce0d4a5e-8ee8-460a-8f96-4f75bba0655e,services.reisen,premium,72,23,8,,,
51a962ae-d866-45bb-9331-87f3f41ee016,services.rent,resell,72,23,8,Namecheap,24/03/2025 18:40,24/03/2026 23:59
fc993a05-7dbe-48e6-a0ec-fb4bbd091052,services.rentals,premium,72,23,8,,,
f3ab9a43-3d16-4188-90c2-fc85a3aa611c,services.report,premium,72,23,8,,,
c322758f-424a-4880-9efd-a21ab0e94120,services.republican,available,72,23,8,,,
01082959-7a74-4956-a2f0-68508da0640c,services.rest,premium,72,23,8,,,
fe12f30f-1e5e-47ce-a74d-184504ff6cf6,services.restaurant,available,72,23,8,,,
a4f45f20-c287-457b-b4f7-adb66b5f434e,services.review,premium,72,23,8,,,
f3e7fc0d-1c4e-4c5a-a2da-a97bc5caba31,services.reviews,premium,72,23,8,,,
e5ec8de9-f95e-4476-a7ba-b4a9f1f0fd3a,services.rich,available,72,23,8,,,
16e34d7b-2be7-49bc-8963-193a8ea60257,services.rip,available,72,23,8,,,
b4410301-089f-4f3c-b296-a718479518b6,services.rodeo,premium,72,23,8,,,
80fa8e6a-f558-421d-bae0-aaa75d30fa30,services.rsvp,premium,72,23,8,,,
f9da8f11-32af-4ee0-a67d-c56aa7613a91,services.run,resell,72,23,8,"DNSPod, Inc.",06/11/2019 09:12,06/11/2026 09:12
15ecaa1b-8000-43ec-bcad-e5ca80da1dc2,services.sale,premium,72,23,8,,,
895f4d85-b316-4256-8a57-96064300f7c0,services.salon,available,72,23,8,,,
1f6c2a99-260f-41ff-80a8-958fb429b2d2,services.sarl,available,72,23,8,,,
eadfcbb1-4e1a-42de-aa5a-addf771e0374,services.sbs,premium,72,23,8,,,
b983b2dc-099a-48fd-ab5f-a2b168a574cc,services.school,expiring,72,23,8,"GoDaddy.com, LLC",04/01/2021 18:31,04/01/2026 18:31
b773f469-10b1-4ff7-a47d-ff944378f42f,services.science,premium,72,23,8,,,
87ed6a2c-6b63-4bec-8201-c8b951574004,services.security,available,72,23,8,,,
c7cc118d-b4bc-4dc5-8f89-4a29db5754ca,services.sexy,available,72,23,8,,,
b111f7e1-1dd5-40b7-94b6-5c0c987288bd,services.shiksha,available,72,23,8,,,
5cdc9e0c-65b1-4dee-9f65-c466aee28830,services.shoes,premium,72,23,8,,,
dbbaee39-7422-4ccc-ab52-8c2614a0e328,services.shopping,premium,72,23,8,,,
c57a9b9b-c77e-4f63-972f-2f79df75c6aa,services.show,resell,72,23,8,"DNSPod, Inc.",10/06/2020 22:08,10/06/2026 22:08
1c48e4c2-d88d-40c4-b348-7fafab7c87d9,services.singles,available,72,23,8,,,
8b854c9a-c05e-4fc6-b080-761d5753cf41,services.site,premium,72,23,8,,,
4d63f3af-9edc-4dd0-89d1-6f4c7674e928,services.ski,premium,72,23,8,,,
15af7f26-1a6f-40f9-9903-de9a040e37b1,services.skin,premium,72,23,8,,,
3655d10e-5fcc-4a13-b5c3-60a65e8cca1a,services.soccer,available,72,23,8,,,
2b167ffc-3656-4145-ad6e-e9443a12bba4,services.software,premium,72,23,8,,,
a68de3b9-cf51-4e3e-96a8-e1a32f89cdc7,services.solar,resell,72,23,8,"Sav.com, LLC - 15",13/08/2025 15:15,13/08/2026 15:15
7e7ad1e7-4b7e-4507-a7c8-be4af5ad51a6,services.solutions,resell,72,23,8,"Spaceship, Inc.",10/05/2021 08:13,10/05/2026 08:13
c2ee0eec-91de-4883-80a3-60efd8ee5c68,services.soy,premium,72,23,8,,,
cc2b561f-1640-4620-b0ae-c235e5079085,services.space,premium,72,23,8,,,
a0a5ab1b-100c-4b4e-a327-33525c519862,services.spot,premium,72,23,8,,,
67621e8e-0fd4-4f38-9287-9bba31c14ae1,services.srl,available,72,23,8,,,
41e04ec8-5570-4c23-b7d0-d44c047351c0,services.storage,available,72,23,8,,,
224a0751-cdda-4221-a952-af441532c412,services.store,premium,72,23,8,,,
d908f22d-4233-4e6c-88fc-80ad118644fa,services.stream,premium,72,23,8,,,
c8472c42-9fed-4516-a32c-a370ddc9050b,services.study,premium,72,23,8,,,
c2ee3fa2-c611-4025-aaf9-8c2f499e9e38,services.style,premium,72,23,8,,,
fdd41f95-8409-472b-89f1-4071cddb9dbd,services.sucks,available,72,23,8,,,
eb2a0cb3-9f52-482a-a56e-d22fcbe0d052,services.supplies,premium,72,23,8,,,
a2fe8108-c1fa-4d4c-9d83-d9aae09de8e5,services.surf,premium,72,23,8,,,
e7a66cc9-3976-42fb-a1f8-42077355bc82,services.surgery,premium,72,23,8,,,
338ef27c-f638-4a58-b02b-85343863c6e6,services.sydney,premium,72,23,8,,,
11ea52fd-1caa-4007-9095-6d7140883e71,services.talk,premium,72,23,8,,,
5f150819-7072-4ba5-9893-f6f605bd3b9a,services.tattoo,available,72,23,8,,,
eee6b5a8-fa2f-412c-821f-103a459e617b,services.tax,resell,72,23,8,"DNSPod, Inc.",18/10/2021 13:15,18/10/2026 13:15
82565682-d00e-4c5d-9d30-73f6a1b056af,services.taxi,available,72,23,8,,,
e75868ea-a536-435c-a269-be3e87321d88,services.tech,premium,72,23,8,,,
171efff4-d0f4-4b79-b3a0-351a11c79e61,services.tel,resell,72,23,8,"Name.com, Inc.",25/05/2014 18:30,24/05/2026 23:59
6f962451-cce8-4072-893f-8d2fd02599f1,services.tennis,available,72,23,8,,,
d78b837f-b665-4a02-be3a-0c25b33399df,services.theater,available,72,23,8,,,
82ed544e-aafa-47d3-b76e-369839c9d6da,services.theatre,available,72,23,8,,,
2d77d6c0-af18-4965-9cec-31193e4f3ccf,services.tickets,available,72,23,8,,,
3a7a9655-f568-4964-86e4-b4a97055a3e1,services.tienda,available,72,23,8,,,
c2ca9e56-7ffe-4722-827a-4c7914657493,services.tips,premium,72,23,8,,,
bf8bc984-7029-4f0d-97cb-a18e33b9e006,services.tires,available,72,23,8,,,
983033d9-5fa1-49a5-8b4e-06b6540d1773,services.to,resell,72,23,8,NAMECHEAP,07/07/2023 02:27,01/08/2026 00:00
91f1552b-9131-468d-8f60-371ff55b2dbb,services.tours,available,72,23,8,,,
c6b3c3d7-79a1-4900-82e7-7b85574e4485,services.town,available,72,23,8,,,
c2c036b0-8592-4309-8095-8bc8894eaf34,services.toys,available,72,23,8,,,
6608e06b-cad1-4213-afba-a08ee0d36eaf,services.trade,premium,72,23,8,,,
aa21af7b-95c4-4b85-aca9-09cad6e73bdf,services.tube,resell,72,23,8,"GoDaddy.com, LLC",10/04/2019 22:14,10/04/2026 22:14
18ce245d-0131-40ee-ad8f-51e33183645b,services.tv,premium,72,23,8,,,
ab8c1e7d-968b-4912-b04d-bec0d473dd90,services.uno,premium,72,23,8,,,
89de4592-bc47-4da5-a08a-8c0736364f88,services.vacations,premium,72,23,8,,,
7d4aa8f1-e4ce-4427-a5fb-37240643e25b,services.vana,available,72,23,8,,,
e65c2629-2635-4d87-8c84-379205a2ecc4,services.vc,resell,72,23,8,Dynadot Inc,17/08/2020 00:07,17/08/2026 00:07
d065bb8c-72a8-4a43-960e-4debe4973161,services.vegas,expiring,72,23,8,"GoDaddy.com, LLC",27/12/2021 21:29,27/12/2025 21:29
45261e83-c614-4f1c-b53c-dd7991c87ef0,services.ventures,available,72,23,8,,,
8ff46a06-9946-4d44-8c29-abfb3da811d5,services.vet,premium,72,23,8,,,
11490c5a-175b-4e3f-a16e-ab5ccda75a47,services.viajes,available,72,23,8,,,
a7885100-c3de-449f-b28b-d81aa1a4ec31,services.video,premium,72,23,8,,,
12612881-9b0c-4fad-951c-ae88ef52d691,services.villas,premium,72,23,8,,,
bc771cca-4e78-4be9-8e13-2d814f85e01e,services.vin,expiring,72,23,8,Dynadot Inc,06/01/2023 21:10,06/01/2026 21:10
d47e7f80-d717-44ff-a426-d4dea6bc002d,services.vip,premium,72,23,8,,,
86744e32-b379-4139-a6e7-943be3e82e84,services.vodka,available,72,23,8,,,
3a76b852-b4f4-4b91-90e7-1abde1b0d2c2,services.vote,available,72,23,8,,,
e08216fb-8bf9-49d9-ad4f-57706217c771,services.voting,available,72,23,8,,,
519044e8-8575-4812-ad04-11e516f4b131,services.voto,available,72,23,8,,,
0c69fca4-646c-4935-9145-314624186752,services.voyage,premium,72,23,8,,,
82a57bb5-fe09-4b7c-bf44-795b0132c8b8,services.watch,premium,72,23,8,,,
3a8a03de-d911-4992-bb97-18876d439e73,services.webcam,premium,72,23,8,,,
b3f9f207-c9f3-4ec5-8fe5-bb63e0f275a4,services.website,premium,72,23,8,,,
ba333434-1c86-4256-8555-d31eb81ff843,services.wedding,premium,72,23,8,,,
2558d488-7617-4172-82e9-cb5dcf9598e1,services.wiki,resell,72,23,8,"DNSPod, Inc.",27/06/2022 00:00,27/06/2026 00:00
db09912a-d3b9-4eb1-9998-84d91ba4223d,services.win,premium,72,23,8,,,
0ae88c32-d9e6-45f0-bd4f-7831c7dbfbaf,services.wine,available,72,23,8,,,
a5e582cf-2b61-484f-a00f-f4855cbd1fb3,services.work,premium,72,23,8,,,
e900bffa-5ecd-4a9e-90a3-ae410580b9e0,services.works,premium,72,23,8,,,
368fdc57-a45b-429e-a5b9-bef1ab7b8ccf,services.world,expiring,72,23,8,Cronon GmbH,14/01/2015 16:00,14/01/2026 16:00
c0dfb676-0fd7-496a-8bdb-7abf882f6c7a,services.wtf,premium,72,23,8,,,
276b49f8-d77d-4d96-ad22-9020616a0fa0,services.xyz,resell,72,23,8,"Spaceship, Inc.",16/11/2021 04:14,16/11/2026 23:59
220870a0-7dc4-495b-92e7-e518ea5ed8c0,services.yachts,premium,72,23,8,,,
574eb8e1-13c6-4089-870c-7686ebd97c0e,services.yoga,available,72,23,8,,,
53e05ad9-e12a-4de7-8d46-f0602468093e,services.you,premium,72,23,8,,,
c4445b4f-e4cc-4759-bfb2-3325b4f493e8,services.zip,premium,72,23,8,,,
c8b82e69-2f69-440e-abff-c44b69e17f02,services.zone,resell,72,23,8,"DNSPod, Inc.",18/08/2020 03:13,18/08/2026 03:13
46b1e28c-0971-42de-b9b5-148a849170de,services.academy,resell,72,23,8,Dynadot Inc,06/07/2025 17:00,06/07/2026 17:00
d819149a-6c1b-41f2-a6f7-e1c6eb8d684a,services.accountant,premium,72,23,8,,,
3ded9c07-6a8f-4b3d-9e3c-6e914f8ab173,services.accountants,premium,72,23,8,,,
60f34592-b652-46d0-9859-b5e76bf0bfa3,services.actor,available,72,23,8,,,
ee606920-aec6-4d99-87d9-cdd6fdae5847,services.adult,premium,72,23,8,,,
74117298-dcdc-40c3-893c-3ec02479b739,services.ag,available,72,23,8,,,
37c77036-717d-4f84-8173-ec8fe7d9b22a,services.airforce,available,72,23,8,,,
a19bf9bf-695e-4376-9130-00c022eb5124,services.apartments,available,72,23,8,,,
b8f41b5c-bb74-4618-9098-d81ec0ae73a3,services.army,available,72,23,8,,,
2f5327ef-395b-41c6-a3a4-2bbe7da9de72,services.asia,resell,72,23,8,"GoDaddy.com, LLC",04/07/2008 07:05,04/07/2026 07:05
7896e28b-f33a-429d-9610-64c56f6242a9,services.associates,premium,72,23,8,,,
34062282-5b12-4094-ba82-018dedb958bc,services.at,premium,72,23,8,,,
fe11b160-51be-48bd-9dcb-4bfe7c312f93,services.attorney,premium,72,23,8,,,
1692432a-ebe7-48d0-8e55-bd324dc38f87,services.auction,premium,72,23,8,,,
5badaf19-5d49-4152-b099-30db1afb73c8,services.audio,premium,72,23,8,,,
a17cfe93-3dfa-4bc2-82b1-f845949cea43,services.auto,available,72,23,8,,,
4420efb6-947c-4f23-88a9-3ec910ec3f06,services.autos,premium,72,23,8,,,
cf4ca5a3-e062-4c8d-bebd-2537c20f3c6f,services.baby,premium,72,23,8,,,
f0505b83-995f-4a4f-bd4b-017c0a1d2e18,services.band,available,72,23,8,,,
877dc392-318e-40a8-9061-7c8ef8fc1b77,services.bar,premium,72,23,8,,,
69b05676-699c-4e68-9239-d28348d089c8,services.bargains,premium,72,23,8,,,
a8edda00-e6fd-4f4c-b644-ad2845ca84f9,services.bayern,available,72,23,8,,,
8fc60820-843c-4c9e-8775-c110351f70ca,services.beauty,premium,72,23,8,,,
6a64be33-85b7-498e-a5e6-7ee36b94981a,services.beer,available,72,23,8,,,
48e4e3cd-dcce-4e3f-8032-514218d9ef63,services.berlin,premium,72,23,8,,,
220c79d4-0141-4786-a3dd-6a8c0cb315e4,services.best,resell,72,23,8,"Sav.com, LLC",21/09/2025 13:30,21/09/2026 23:59
6765d38d-cf7d-4674-9a54-0f9902aa70f1,services.bid,premium,72,23,8,,,
bc00e10f-8cf9-47e3-9a84-c371e5905557,services.bike,available,72,23,8,,,
27b47b0d-6474-476e-9172-e40809a5cb55,services.bingo,available,72,23,8,,,
06d5177f-6d6a-4bbe-a633-2397187da33a,services.bio,resell,72,23,8,"Sav.com, LLC - 42",20/09/2025 15:15,20/09/2026 15:15
44b8733f-a84f-410b-8c06-a5ce2716518d,services.biz,expired,72,23,8,"Registry Services, LLC",30/09/2001 19:16,06/11/2025 23:59
d1c93acf-98c2-48ea-9e5d-601317a1dc6a,services.black,resell,72,23,8,"Xiamen ChinaSource Internet Service Co., Ltd",05/07/2025 15:15,05/07/2026 15:15
1d7d6cba-6ddd-4514-94a7-c1934feded62,services.blackfriday,available,72,23,8,,,
f8d0d261-e90a-4e02-9e11-369028085973,services.blog,premium,72,23,8,,,
dd074743-83ec-476c-8634-619a9699f9de,services.blue,resell,72,23,8,"Spaceship, Inc.",01/06/2024 17:00,01/06/2026 17:00
8214a618-b5b7-49ed-a83b-5b2500674406,services.boats,premium,72,23,8,,,
b5cfdead-848c-442f-ab86-0cca2ceb1522,services.boo,premium,72,23,8,,,
ddd34243-54c7-44d1-9962-5e33fdb64c61,services.boston,expired,72,23,8,"GoDaddy.com, LLC",24/10/2017 16:43,24/10/2025 16:43
bd61a896-2d2a-47b0-a11f-e9416b62d51c,services.bot,premium,72,23,8,,,
9e45132a-43af-4da9-add9-b5120b316234,services.build,premium,72,23,8,,,
6b42bf96-3564-4ef4-a48e-1a25d71d2613,services.builders,premium,72,23,8,,,
a2107a97-eb9b-48e6-b777-6b72c3ca3469,services.business,expiring,72,23,8,"GoDaddy.com, LLC",18/12/2024 23:16,18/12/2025 23:16
aa9284f8-76c9-44fa-8379-8cfaaca4f5c3,services.buzz,premium,72,23,8,,,
13ebdbe2-6fb9-4020-aca5-bd2db6ceda2c,services.cab,available,72,23,8,,,
5199d781-bd30-46b9-9300-cf49e7eaad61,services.cafe,expiring,72,23,8,"Chengdu West Dimension Digital Technology Co., Ltd.",09/12/2023 15:15,09/12/2025 15:15
9a3fb5eb-7681-4d76-9662-e9f04f8c3870,services.cam,sold,72,23,8,"Spaceship, Inc.",08/12/2024 23:27,08/12/2026 23:59
d269a984-a9a8-4dcf-b562-c47302f5f05e,services.camera,available,72,23,8,,,
4a897a8b-4ff8-49cf-8fea-7e3d51b82922,services.camp,available,72,23,8,,,
8fd3e30c-1a99-4bd3-8e31-0d203ee483e8,services.car,available,72,23,8,,,
f62fb451-e628-4dd8-b897-64180451902d,services.cards,premium,72,23,8,,,
5c0c3c2f-f39a-4256-8655-0d85b8fd4979,services.care,premium,72,23,8,,,
53284fa6-86a9-43d2-bfef-f74b557c6ec2,services.careers,premium,72,23,8,,,
4c8ebeec-bec8-4590-9d42-9bfe43727bbc,services.cars,available,72,23,8,,,
5960fdb7-d9e5-480e-beb6-432bbb34baba,services.casino,available,72,23,8,,,
0b6b2afc-5638-4da5-b87d-31a430f626d7,services.catering,premium,72,23,8,,,
a78ce308-6480-4b15-9a49-54a8c1e8cd2b,services.ceo,expiring,72,23,8,OVH,06/01/2024 06:11,06/01/2026 23:59
ef4e2858-2c96-4c60-a9b0-13462ccc1155,services.cfd,premium,72,23,8,,,
fa8921ef-cce0-488e-bcd2-7db8803ba0c8,services.charity,available,72,23,8,,,
2cbb1ee0-dcff-49a4-a5ca-64405b5aaa15,services.chat,resell,72,23,8,Dynadot Inc,19/06/2025 08:12,19/06/2026 08:12
02c25b86-c55f-4adf-b5b2-bfa75c27070f,services.cheap,premium,72,23,8,,,
46917261-55b9-463d-b60a-ce0f98aac75d,services.christmas,premium,72,23,8,,,
242dbc3b-76e8-49ea-9d4b-d32a7950331c,services.claims,available,72,23,8,,,
91cc1b37-758e-40a5-85e9-686deccc3ffd,services.click,expired,72,23,8,NAMECHEAP,27/10/2023 02:38,27/10/2025 02:38
44ab0c67-60c3-4d75-95c9-6f129994d699,services.clothing,available,72,23,8,,,
4a85e913-c8a6-4708-90dc-f736d27e9a21,services.cloud,premium,72,23,8,,,
307dab41-8efa-44f7-ac41-8a1b513042f7,services.club,resell,72,23,8,"Spaceship, Inc.",18/12/2023 00:00,18/12/2026 00:00
022913c9-7fd9-4de1-be91-1ca8236fa9bd,services.co,resell,72,23,8,Hello Internet Corp.,25/02/2010 00:55,24/02/2026 23:59
b5233991-8aca-4501-98dd-e1141db44430,services.coach,resell,72,23,8,"GoDaddy.com, LLC",26/01/2019 12:13,26/01/2026 12:13
702f8f5c-9504-4fc9-871f-ba4096f7da29,services.codes,expiring,72,23,8,OVH SAS,06/01/2024 06:11,06/01/2026 06:11
c202cbc5-2c9e-4c91-b9db-ab07ebbfd1c0,services.college,premium,72,23,8,,,
0f38b784-3c95-42dd-b99f-2d99b915fce8,services.computer,premium,72,23,8,,,
d478bc00-1a3f-4738-92ad-f9f6357c0d50,services.construction,resell,72,23,8,"Sav.com, LLC",31/07/2025 21:56,31/07/2026 21:56
dcf319ea-ffd9-4c1b-8d5b-793c339ae347,services.consulting,premium,72,23,8,,,
2ad8f918-932e-430e-92bc-ea49277be336,services.cooking,available,72,23,8,,,
36dbf677-8b86-4a14-afb2-f2917a8741ff,services.cool,expiring,72,23,8,"GoDaddy.com, LLC",14/01/2019 17:19,14/01/2026 17:19
e66d985f-4550-4b9e-a670-26480153a393,services.country,available,72,23,8,,,
d786c6a1-4d9d-4fe8-9a22-3ddee4718b38,services.courses,premium,72,23,8,,,
803cc480-0cb9-4257-b3e7-740680ddd80d,services.credit,available,72,23,8,,,
53c0ecf8-4b30-4c55-a5d7-3d91351834d2,services.cricket,premium,72,23,8,,,
cda24125-fb69-45f9-bac2-fd730b97db64,services.cruises,available,72,23,8,,,
a762922e-225d-4148-bc49-aa0e9d237cd9,services.cx,resell,72,23,8,West263 International Limited,04/06/2025 00:00,04/06/2026 15:50
83ccd5ef-0c7e-4b28-bae3-30e26aa4fa2d,services.cyou,resell,72,23,8,Dynadot LLC,14/07/2025 13:05,14/07/2026 23:59
e1ea9d6b-8599-4c76-8400-413c0127d7d4,services.dad,premium,72,23,8,,,
f31be3c8-32df-40c3-8457-d60dfe952df7,services.dance,available,72,23,8,,,
b021995a-e9f7-4105-a448-d0e3ac61fe1b,services.date,premium,72,23,8,,,
a288d94d-f3c9-4f46-a1fb-a596b44fbb24,services.dating,premium,72,23,8,,,
ba841d96-f6f4-46df-aaff-c92f289dd5ab,services.day,premium,72,23,8,,,
b47c3188-3ceb-43a0-a294-4ee6f8942104,services.deal,premium,72,23,8,,,
6f610135-2cb3-4b6d-bccb-340ba55cf2ed,services.dealer,premium,72,23,8,,,
8fb9b078-be2f-4b67-92cd-41d94b4fa47d,services.deals,premium,72,23,8,,,
daaf7b18-4873-4e34-b8bd-1e5bba5f9708,services.degree,premium,72,23,8,,,
076f1f45-02bf-46c3-8a8f-84a694fb6e75,services.democrat,available,72,23,8,,,
fb8a4f3b-a92c-40b7-8c2b-3e5c478e2d7a,services.dentist,premium,72,23,8,,,
023ae0a2-dbc9-44c4-9811-b435b2b012f2,services.diamonds,available,72,23,8,,,
b8013e1d-254a-4e22-97a8-5ac556f1a5d8,services.diet,available,72,23,8,,,
afb9f77c-bd03-4d59-a2be-12b225f260df,services.digital,resell,72,23,8,"NameCheap, Inc.",13/09/2025 15:15,13/09/2026 15:15
84728526-805a-4fde-b559-46ee68c2bf3f,services.directory,sold,72,23,8,"NameSilo, LLC",12/12/2020 10:39,12/12/2026 10:39
084375db-02b0-48ec-95a5-e260efc53e71,services.discount,premium,72,23,8,,,
f80acfb1-04a5-43e2-85b4-602e7b02c5ae,services.diy,premium,72,23,8,,,
625db559-fdf7-4f58-b8fc-df3a5440e441,services.doctor,resell,72,23,8,"Spaceship, Inc.",04/10/2025 16:26,04/10/2026 16:26
9774d6f3-8edd-4818-9054-a132ae6ac078,services.dog,premium,72,23,8,,,
3b7b65cb-d1fe-40ad-884d-51c3aa954a90,services.download,premium,72,23,8,,,
6660bfc6-9250-498e-a85b-c4f80c9c349c,services.earth,expiring,72,23,8,"GoDaddy.com, LLC",10/01/2020 17:40,10/01/2026 17:40
62e34d52-33a6-4e92-b45b-5619f25c4885,services.email,premium,72,23,8,,,
87db70f7-ecd3-45e0-b2f7-03cc7297730b,services.engineer,available,72,23,8,,,
486696ad-c186-471c-9f53-9e877fd94c40,services.engineering,available,72,23,8,,,
44d7b8cc-c2d3-46b9-a477-c993e5b6b7ad,services.enterprises,available,72,23,8,,,
0d50a2b6-ced6-456d-915b-fe254a5b1639,services.equipment,premium,72,23,8,,,
6796b265-941c-47a9-b08c-3c8fc6e0d8d4,services.esq,premium,72,23,8,,,
5e6a644b-07fd-4150-8377-265bc94ce68f,services.expert,resell,72,23,8,"Sav.com, LLC - 31",03/12/2025 15:15,03/12/2026 15:15
b915f569-f464-4e67-9bac-5827fd02050e,services.exposed,premium,72,23,8,,,
a0708324-e6b3-46dc-a52c-3bef759d7cfb,services.express,resell,72,23,8,"Sav.com, LLC - 34",06/08/2025 15:16,06/08/2026 15:16
6a39c9e1-e353-4df1-8d60-e1e5a169fc13,services.faith,premium,72,23,8,,,
f99c0de5-745d-4ea7-baa2-629dcb0cd19e,services.family,premium,72,23,8,,,
90fbae58-15d2-4a45-9f52-d5cd62107466,services.fan,premium,72,23,8,,,
f3a550b0-fc46-478a-8a28-cbbcb73b6f73,services.fans,premium,72,23,8,,,
f620e0fe-7918-468b-8277-c3db0d4db17b,services.fashion,premium,72,23,8,,,
5642176c-db70-4719-93bf-d4618c11644d,services.fast,premium,72,23,8,,,
4fb8f739-3c33-445b-a77e-50da931b8f82,services.film,premium,72,23,8,,,
528006d2-97ce-4e29-aff0-18f47b1af431,services.finance,premium,72,23,8,,,
3ec06b62-2716-466b-baba-e8e1f7476016,services.financial,premium,72,23,8,,,
0a32afe6-6cc9-45af-a0f6-af530fe648b6,services.fish,premium,72,23,8,,,
464f800e-e59e-42b0-88bc-81440d4ce654,services.fishing,available,72,23,8,,,
766f256d-2486-4bee-b192-42f3bf6821b4,services.fit,premium,72,23,8,,,
3448667e-0bb7-41d9-97e9-a8d93f1f02e8,services.fitness,premium,72,23,8,,,
0aef71fd-fc18-481b-9c7d-c348b33966df,services.flights,premium,72,23,8,,,
78d9bdeb-fe2b-4531-8961-3aeba0763622,services.florist,available,72,23,8,,,
2c78c724-db1e-4d6f-b96d-72d5c8a43438,services.flowers,premium,72,23,8,,,
348e403d-051c-4538-ada0-9a601c96d491,services.foo,premium,72,23,8,,,
cd66ba08-f273-4be8-b972-4f0d8eda234b,services.food,premium,72,23,8,,,
6cf03c56-b355-4b01-8f0f-f47a5a39c9c0,services.football,available,72,23,8,,,
509cbad3-a349-43fb-9973-b0b7f15703bb,services.forum,premium,72,23,8,,,
c0f204e7-12d1-4b45-adfb-83bc2a098bb7,services.foundation,premium,72,23,8,,,
80f4e3d9-e578-4327-9f85-25b3d7f87f2e,services.free,premium,72,23,8,,,
70211880-3d84-4edb-82b7-4b53904210d5,services.fun,premium,72,23,8,,,
897669fa-8916-4bad-97ce-2a0db857bd98,services.fund,premium,72,23,8,,,
6427384d-2c7c-4061-a1f2-caabd466614b,services.furniture,available,72,23,8,,,
60d7b5ff-1318-4c73-8aca-7d7b322b73f2,services.futbol,available,72,23,8,,,
a825848a-9f53-493c-96e2-fd22c1a0b4b6,services.fyi,expiring,72,23,8,Porkbun LLC,21/12/2024 18:47,21/12/2025 18:47
1d2f68c3-b0ad-4569-9fb0-5ca21cc99b9d,services.game,premium,72,23,8,,,
e793c50f-e950-420e-8ef1-e9597999770f,services.games,resell,72,23,8,"DNSPod, Inc.",07/10/2023 15:15,07/10/2026 15:15
656168ea-687c-4354-9b72-5b2b7b08a2fe,services.garden,premium,72,23,8,,,
4126d0eb-9ae5-46c5-9576-d1e080b6749c,services.gay,available,72,23,8,,,
6d794ed3-0a19-4037-ab21-bb3dbfc39082,services.gift,available,72,23,8,,,
52275e86-57d5-48a9-ba5a-08f031d0ba3f,services.gifts,premium,72,23,8,,,
291efc8b-97c0-4622-b1a8-37a7ff535b06,services.gives,available,72,23,8,,,
88141780-3b7d-48ee-9cbf-043f538712f3,services.giving,available,72,23,8,,,
6a12ec40-99ed-443d-8d07-2faf46fc64d4,services.glass,available,72,23,8,,,
55571bd7-8035-49af-8ec3-07b52d4adf03,services.global,premium,72,23,8,,,
5a71ccd9-b2bf-4b5c-a71f-de0ab9c82e25,services.gold,premium,72,23,8,,,
1d8419d2-cafd-4919-8999-1cd2c775d2dc,services.graphics,premium,72,23,8,,,
02dc0cbb-7e94-41bc-872f-59a6e2617c13,services.gratis,premium,72,23,8,,,
c569e2e3-0581-47a8-b3e7-bcebe450ae15,services.gripe,premium,72,23,8,,,
fefa99b6-790f-4711-a499-e4e2dca8c5cd,services.guitars,available,72,23,8,,,
10d815f2-7ea8-4536-9d15-108cdc09aeee,services.guru,premium,72,23,8,,,
74181abd-d3f1-469b-8e17-3e78f927c5dd,services.hair,premium,72,23,8,,,
97814e16-5357-4ab9-8e7f-4b400cb831a1,services.haus,expired,72,23,8,"NameSilo, LLC",14/11/2024 19:57,14/11/2025 19:57
6c2e4058-2786-420f-8b5d-be766996642c,services.health,premium,72,23,8,,,
2db969b6-06f2-442d-b2c3-26e2b67a943f,services.hiphop,premium,72,23,8,,,
6d205cff-27bf-4d26-8bc8-a15ef646d3d5,services.hiv,premium,72,23,8,,,
f8ac5cf1-272d-486e-ae23-6c3f644b4c8b,services.hockey,available,72,23,8,,,
85a233f2-e141-4205-a6fa-56838d63f6a6,services.holdings,premium,72,23,8,,,
147d05a8-9d18-4567-b4f9-6f051fcfed5a,services.holiday,premium,72,23,8,,,
180c7bc0-0ce1-458a-bf43-ee8a95ac1fa1,services.homes,premium,72,23,8,,,
623fa720-54b9-4009-9acf-cb940c4d9e6b,services.horse,premium,72,23,8,,,
5dfac10a-b617-4cda-adc5-24b7893fba88,services.hospital,available,72,23,8,,,
a0d461cb-f74c-4290-a640-f6a7f9bad478,services.host,premium,72,23,8,,,
8d57a187-113e-4772-8734-fbfa2ffa1af0,services.hosting,available,72,23,8,,,
073483ff-a822-4616-b362-b2fa9fbba21d,services.hot,premium,72,23,8,,,
13f49478-b7bf-4066-9587-b69151ff3a29,services.house,resell,72,23,8,Virtualia LLC,17/05/2024 15:15,17/05/2026 15:15
6d3355e4-c520-41c1-8a06-b01133a27d5c,services.icu,premium,72,23,8,,,
e051394c-a27a-4a70-a0cb-9a1acde9fd1b,services.id,resell,72,23,8,PT Registrasi Nama Domain,16/05/2018 04:57,16/05/2026 23:59
38b09af8-259f-4925-8cbf-ca61874d548d,services.im,premium,72,23,8,,,
fd1238da-806b-4f00-bbde-76d82f0080f1,services.immobilien,available,72,23,8,,,
74b879ff-d989-4dd6-9e9b-c44c10a82031,services.industries,premium,72,23,8,,,
b1d1dd1b-d6d7-4f09-a7b8-25e4a71d1073,services.info,resell,72,23,8,Dot Holding Inc.,17/10/2022 13:15,17/10/2026 13:15
4260fddb-d534-41e6-9243-8bb4cb730165,services.ing,premium,72,23,8,,,
1c93a90c-cc19-430c-a65d-2e6ad4a29be9,services.ink,resell,72,23,8,"DNSPod, Inc.",07/01/2024 00:00,07/01/2027 00:00
9a485503-2175-4358-9b78-e628b4f2837e,services.institute,premium,72,23,8,,,
0d28480d-e348-47df-bcaf-3327d94e375e,services.international,resell,72,23,8,"Spaceship, Inc.",11/05/2023 15:15,11/05/2026 15:15
3689db0d-539f-4cac-b215-f8bfa9096830,services.investments,premium,72,23,8,,,
00503ed5-97fb-4898-85a4-6aeeb541d1c0,services.irish,available,72,23,8,,,
11331918-d1ff-4482-aa23-e144ad36cec7,services.it,expired,72,23,8,,04/01/2002 00:00,12/12/2025 00:00
c5b31b7b-d1d0-4085-ab03-0f1022ed6154,services.jetzt,available,72,23,8,,,
6f8b1ba9-a486-4715-a582-39acf5f7a291,services.jewelry,available,72,23,8,,,
ede19cc5-9786-495b-bc4c-285e6bd2f5b4,services.juegos,available,72,23,8,,,
5a87d6b9-2592-4cf2-b218-bc5ee21d26a1,services.kaufen,available,72,23,8,,,
676ac680-f08f-434b-a1da-bf6258255754,services.kids,available,72,23,8,,,
f45f3df4-e862-4f96-8982-4d4881bf6d39,services.kim,premium,72,23,8,,,
b88434d8-0ab0-43a9-826b-069a93f7a077,services.kitchen,resell,72,23,8,"GoDaddy.com, LLC",24/02/2014 02:00,24/02/2026 02:00
0771a9e7-5c38-48fe-ad42-aa5daf23c2cc,production.accountant,premium,70,23,10,,,
14974b53-e5ee-44c7-b2a9-af54f5abba9b,production.accountants,available,70,23,10,,,
73303b87-94d1-47cd-8ac1-6d006c97fd78,production.actor,available,70,23,10,,,
299647f3-a6fd-4d76-871b-caf5eca9b99d,production.adult,available,70,23,10,,,
3e169852-5d59-4a15-840c-b3ac58ec865f,production.agency,expired,70,23,10,"Sav.com, LLC - 5",04/10/2024 15:15,04/10/2025 15:15
a01349d2-953a-48a7-a5eb-3dfc20bb3a82,production.airforce,available,70,23,10,,,
1368d8f1-f6d0-4157-b303-20efb5d0c6ba,production.archi,available,70,23,10,,,
5cac4e14-5b6d-4e71-bb8d-2deede4dad0f,production.army,available,70,23,10,,,
163ef5c7-595b-4bf1-bfe5-4e30c940cb34,production.asia,sold,70,23,10,"Spaceship, Inc.",03/12/2024 12:58,03/12/2026 12:58
8c9e48c8-cbf4-44dc-a470-a00147b479f0,production.associates,available,70,23,10,,,
76c50c76-9990-4be5-bb31-820204f75468,production.at,sold,70,23,10,World4You Internet Services GmbH ( https://nic.at/registrar/61 ),,
0a942165-bf1c-4e4b-b13b-fd6b0340c140,production.attorney,available,70,23,10,,,
8388adca-63e3-4e6a-9f45-ba84b365ea54,production.auction,available,70,23,10,,,
48f8d4c2-058d-4d07-8542-a9309be6edf1,production.auto,available,70,23,10,,,
8bc99cb2-78c7-44bd-a490-c3029eae931c,production.autos,available,70,23,10,,,
a7a365a7-87ca-48d2-b493-bf25b9a5c1f1,production.baby,available,70,23,10,,,
62284e22-1dc4-4302-88f1-55a5a25b6165,production.band,available,70,23,10,,,
fa14f525-7dcb-45cf-bfb4-9176efb015fd,production.bar,premium,70,23,10,,,
73e471df-e4ce-4064-b991-035ee071b2eb,production.bargains,available,70,23,10,,,
9815b5b1-5698-40ec-8367-d18099268a84,production.bayern,available,70,23,10,,,
d613ea47-7e8a-4cb0-8f98-7acedb12eff7,production.beauty,available,70,23,10,,,
ec5f4cba-62dc-49d7-ad71-3c678936b06b,production.beer,available,70,23,10,,,
4a08925b-f0dd-4c1b-9140-9107b58ce5e0,production.berlin,available,70,23,10,,,
729dbd79-d03f-42d2-92ae-14cc267f2717,production.best,resell,70,23,10,"Sav.com, LLC",13/09/2025 16:42,13/09/2026 23:59
d75d2db8-acee-483e-b293-0df4d16d156e,production.bet,available,70,23,10,,,
bee3e6f7-04e5-4dce-99ff-7e3e9b1568f8,production.bid,premium,70,23,10,,,
dc93d136-feb6-4b47-998d-583571847cac,production.bike,available,70,23,10,,,
2201e6c1-da0b-4dc5-bd06-47bd66068e17,production.bingo,available,70,23,10,,,
747c603e-ef36-490a-9f4e-650ed0fdda1c,production.black,available,70,23,10,,,
c119ca54-6ff1-45b5-9aed-e4ad922db7e2,production.blackfriday,available,70,23,10,,,
7fd8350a-f2f9-4f3c-aef8-7dba74e1c325,production.blog,premium,70,23,10,,,
2b74fa80-bb47-42f8-b0c2-02bb83eb9f79,production.boats,available,70,23,10,,,
73c5b0d1-b493-4b58-bcaf-738edb9101ed,production.boo,premium,70,23,10,,,
8da6a6ef-65a1-457c-8894-d857ff581c00,production.bot,premium,70,23,10,,,
e68b5f47-1fdd-4987-b53e-0510110d2389,production.boutique,available,70,23,10,,,
0cb90060-f6ab-4835-8617-601190208a58,production.build,resell,70,23,10,"Go Daddy, LLC",16/08/2014 17:20,16/08/2026 23:59
565745c3-b476-41e1-9194-ae86aa758812,production.builders,available,70,23,10,,,
3bb33754-bbe3-42a2-b9bb-bcc78afb50d9,production.business,premium,70,23,10,,,
e566041d-8e20-4ece-a869-3cddeb376d32,production.buzz,premium,70,23,10,,,
e463f28d-618f-4d74-81ed-54e85cf1e003,production.bz,available,70,23,10,,,
f3ae5577-4db9-4921-8ee1-e1ae0613f83a,production.cab,available,70,23,10,,,
87b42c25-8ff9-493b-97ca-ea63878e5b13,production.cafe,available,70,23,10,,,
2e9f37a4-f521-4d07-aed3-dd6bc22401f5,production.cam,resell,70,23,10,"Spaceship, Inc.",22/03/2020 17:22,22/03/2026 23:59
54ed9779-f73d-4d52-803c-ae34d96a5abe,production.camera,available,70,23,10,,,
17c0ed7f-563a-4de8-b4fd-08cc367e60d7,production.camp,available,70,23,10,,,
514ec4ea-1779-4a65-9d4c-b95bc94f6b37,production.car,available,70,23,10,,,
d7364cca-4400-446f-9000-24d052655a34,production.careers,premium,70,23,10,,,
a667a298-f7d9-4d27-8836-657af21e1553,production.cars,available,70,23,10,,,
de1a846e-90c4-42cc-beef-8982e11d16c4,production.casa,available,70,23,10,,,
2108badd-e91a-4c4e-8747-63177424c4b9,production.cash,available,70,23,10,,,
72d9c1c3-0398-496c-b3aa-4c78ba28d45f,production.casino,available,70,23,10,,,
df40d345-7581-4065-a250-7c1f4eeb0552,production.catering,premium,70,23,10,,,
9f79c8f1-6144-45b0-b2f9-54b4a4e3286c,production.cc,resell,70,23,10,"GoDaddy.com, LLC",25/01/2006 11:01,25/01/2026 11:01
8714a212-9b0b-4cd5-b1b4-731dbd0914de,production.ceo,available,70,23,10,,,
1244b632-a30e-40fd-95d1-54f6d1e90483,production.cfd,premium,70,23,10,,,
a1b8995d-4cda-440b-a4c6-2ffbcb9b3e9a,production.charity,available,70,23,10,,,
0f3287cb-98d1-4de7-b0ee-7a4553f17c52,production.cheap,available,70,23,10,,,
5d29615d-95c6-4699-8802-7e22fe268d75,production.christmas,available,70,23,10,,,
5a4ff3f8-2054-4ce9-8389-397fe7cc11c8,production.claims,available,70,23,10,,,
f447a937-cba0-49c9-9dc7-c31259831919,production.cleaning,available,70,23,10,,,
d108056d-6392-469a-aa8a-4e434499432a,production.click,available,70,23,10,,,
6c232c25-8067-433d-804e-478df12573b8,production.clinic,available,70,23,10,,,
31e07352-7ccc-4336-ae3e-cfa9b9d9ac2d,production.clothing,available,70,23,10,,,
9648f519-0854-4ac3-a60b-648d666f7f6c,production.cloud,premium,70,23,10,,,
160a8ccf-5d23-4545-bb72-d8bb0878c941,production.codes,available,70,23,10,,,
26fc4bf9-a66c-4b74-9b52-1905929a6235,production.coffee,available,70,23,10,,,
22e154dc-1575-44dd-8592-46da8ccebbc4,production.college,premium,70,23,10,,,
60da8f19-6d91-48d7-bfa7-b80fa77d479a,production.community,available,70,23,10,,,
58e11c6e-36de-44b5-a86b-595432691327,production.company,resell,70,23,10,1API GmbH,24/06/2015 16:00,24/06/2026 16:00
748f1de1-0fb7-48db-b826-90807618419d,production.computer,available,70,23,10,,,
4329fa73-a604-412a-adc0-742fa13d8163,production.condos,available,70,23,10,,,
146baea1-6cf0-4936-8fb8-ef0857fc976b,production.construction,available,70,23,10,,,
9773fbe3-bfcf-4b54-8bc5-cb43957a2350,production.consulting,premium,70,23,10,,,
ede3d55e-bd0c-43fc-864b-9a5170791a9b,production.contractors,available,70,23,10,,,
ccc6f62a-a1ec-4778-8b3f-0adcfe5ee643,production.cooking,available,70,23,10,,,
4efd33fb-790f-48e7-aef8-bf7698d37cc9,production.cool,available,70,23,10,,,
a1442ec6-8a54-4b29-adc4-3cd1c7c0f68d,production.country,available,70,23,10,,,
ac1104f6-cf81-4fb5-82e4-efdf8e9f42b7,production.coupons,available,70,23,10,,,
97518cfd-7c8c-4ad6-959b-60a67b6178b8,production.courses,premium,70,23,10,,,
6b85b1d5-2b55-42c3-8516-77749db6d1da,production.credit,available,70,23,10,,,
3daed92f-7324-4039-9a7c-837d6317d44e,production.creditcard,available,70,23,10,,,
f9e27a86-62b6-4b16-8f99-c5a48995bc2f,production.cricket,premium,70,23,10,,,
a84910a8-3e68-488e-8521-cb84ff45da46,production.cruises,available,70,23,10,,,
bdb02622-5e46-4d63-9407-d677335a3d23,production.cv,available,70,23,10,,,
b5e57ca5-6f62-49f5-a462-f7a895430096,production.cx,available,70,23,10,,,
785f601f-a5a3-41f6-b12c-9db061a8c2af,production.cyou,available,70,23,10,,,
634f8f30-1c30-4050-a09c-487872645c91,production.dad,premium,70,23,10,,,
eeb47ef3-004b-40db-8933-684431d4837e,production.date,premium,70,23,10,,,
471d053e-d68f-4a53-8db8-0a88d3be4fb7,production.dating,available,70,23,10,,,
f08eff96-2c3f-4ffd-9ddc-8652251ba5a3,production.day,premium,70,23,10,,,
846a84e6-31ee-4b91-98ca-fa6fdadfeccb,production.deal,premium,70,23,10,,,
8547a915-ab0c-4e3a-994a-f33b577029b3,production.dealer,premium,70,23,10,,,
2e8054be-96dc-4a4c-86db-588c646235f4,production.deals,available,70,23,10,,,
5db88c45-f05a-49d9-8fb4-6dd2fd907da8,production.degree,available,70,23,10,,,
78bfac02-d6d2-430e-93b1-9e77983adb60,production.democrat,available,70,23,10,,,
eaf3c1d6-93e6-4819-814b-a385f8e9d480,production.dental,sold,70,23,10,IONOS SE,10/12/2024 20:23,10/12/2026 20:23
80b7787a-2a89-451a-8124-dd6689b6b662,production.dentist,premium,70,23,10,,,
9b1c4dc7-8e7f-463e-954f-80099776980f,production.diamonds,available,70,23,10,,,
3ef99329-6156-4ac9-8512-4db0fc12e994,production.diet,available,70,23,10,,,
5d05884f-86b4-4351-9cac-c528cdedf19b,production.digital,resell,70,23,10,Cronon GmbH,10/09/2014 16:00,10/09/2026 16:00
2e47648d-cae5-4782-8957-55e178bfe422,production.direct,available,70,23,10,,,
75fad0b7-8666-40ca-9a72-9b53877e2bfb,production.directory,available,70,23,10,,,
d9349f3a-7015-42c3-9589-aa1ea6815d9f,production.discount,available,70,23,10,,,
c634840a-57ec-47f0-9176-2b519ad93afd,production.doctor,resell,70,23,10,"GoDaddy.com, LLC",02/04/2019 14:12,02/04/2026 14:12
8d5f2469-3ec3-4d4f-89cc-34d61f043a22,production.dog,available,70,23,10,,,
1065f1fe-7e17-4406-84f5-56da29a206ca,production.domains,available,70,23,10,,,
fe53f69d-8ce4-4b00-b099-0625fef81aac,production.download,premium,70,23,10,,,
78014e36-a9f0-418f-b55a-55b59d0fa997,production.education,available,70,23,10,,,
bff7cad8-ffdd-4c7f-806f-515309246076,production.energy,available,70,23,10,,,
67e00ff5-51b9-499c-bd24-45e1f5a971fa,production.engineer,premium,70,23,10,,,
6d008020-6854-4143-a30d-1e4a592e5fe6,production.enterprises,available,70,23,10,,,
24cf0b4d-11b4-4c06-a0e8-dbf9753c1d92,production.esq,premium,70,23,10,,,
e681d57d-2770-4146-9f2a-dc7d36626586,production.events,available,70,23,10,,,
5a3cbd99-608d-4358-b24f-ca357563f7c3,production.exchange,premium,70,23,10,,,
e8c3a261-0472-491d-8c8a-f6c7fba93f75,production.exposed,available,70,23,10,,,
76bc7c77-6f6e-4966-acbf-b2f4b840bd9e,production.express,sold,70,23,10,Domain Science Kutatási Szolgáltató Korlátolt Felelősségű Társaság,13/12/2025 15:16,13/12/2026 15:16
a97b5204-db38-47ec-8d79-9fa8f2d45df6,production.fail,available,70,23,10,,,
0e20dca8-33aa-4c0b-a56d-804472d69f61,production.faith,available,70,23,10,,,
adc8bbe4-2db7-4cce-8106-cfd29f69421e,production.fan,available,70,23,10,,,
00ead8ee-7ca7-4166-b428-a6d21c7d7791,production.fans,premium,70,23,10,,,
f28588e1-2fd3-4445-bbe3-b8de59e0aae3,production.farm,available,70,23,10,,,
1a5cedce-29bd-4aeb-9f67-395eb123f459,production.fashion,available,70,23,10,,,
064a9eb2-d9e5-4775-be43-2227c852ba05,production.fast,premium,70,23,10,,,
c2357fd0-d887-4225-909d-e45e0688e40b,production.film,premium,70,23,10,,,
89a79095-afc4-45f5-9656-5a1e206daabd,production.finance,available,70,23,10,,,
fdb150e4-8d3a-4f09-9d93-c9b62a0b63c4,production.financial,available,70,23,10,,,
0d30d1cf-a850-49bd-9550-b5712f1b5a1b,production.fish,available,70,23,10,,,
b5c35f39-f63e-4eee-a3ea-7ebade268c9b,production.fishing,available,70,23,10,,,
1095e144-be5d-4980-a171-25be47d385c0,production.fitness,available,70,23,10,,,
d0883b7f-4914-47fd-86d0-be7268710be1,production.flights,available,70,23,10,,,
34d09558-08ea-4945-9c34-329457906f5a,production.florist,available,70,23,10,,,
ead16b98-1e1b-444a-a3c8-bcca7d88f8a5,production.flowers,available,70,23,10,,,
1da7e29e-972f-4558-a14c-22ca6a6ef6cc,production.foo,premium,70,23,10,,,
98a6d465-e5ca-4aac-b464-00473c72c9f8,production.food,available,70,23,10,,,
f106053d-b069-4543-833f-340aa343369c,production.football,available,70,23,10,,,
587d7aaf-fa69-4721-8a4b-294f92b9babf,production.forsale,available,70,23,10,,,
ee5f3a78-85e4-4f73-9be0-88ba376d42f9,production.forum,available,70,23,10,,,
d2a933c5-52df-46cd-8e9c-49eecac1df85,production.foundation,available,70,23,10,,,
eb1c73c3-325e-4bfd-879c-a1c49b5ba0c9,production.free,premium,70,23,10,,,
0474aa19-34d8-4488-89b9-fba2d72c046e,production.fun,premium,70,23,10,,,
1130eecd-024d-4f45-b214-1a2cae6b059c,production.fund,available,70,23,10,,,
c30eebea-fd4b-4603-aff1-0e153bcc140d,production.furniture,available,70,23,10,,,
4f95baf1-7540-433a-b7a6-df3476a6d0a0,production.futbol,available,70,23,10,,,
77f40a25-5c6c-4631-8eb3-08188c848dff,production.fyi,premium,70,23,10,,,
cb3cc912-73be-4b6a-afe9-0cb2d14b4539,production.gallery,available,70,23,10,,,
7e0e875f-2ad9-48d0-8c58-ef7eb66e0c0d,production.game,available,70,23,10,,,
5e5b1b1d-7f4b-4740-bac5-7a6fbe8747ff,production.garden,available,70,23,10,,,
6a8e768b-0241-4ee1-88ac-6d4cc923f379,production.gay,available,70,23,10,,,
a516d992-2198-4989-9511-09ea8ba13f1c,production.gift,available,70,23,10,,,
da7d3ab0-c557-442d-b86c-4ece74daf12a,production.gifts,available,70,23,10,,,
a954f7db-16b6-457f-b6d4-f6a2caf8644a,production.gives,available,70,23,10,,,
c29b6513-0d17-4152-a452-d75d0a25fd15,production.giving,available,70,23,10,,,
2198c52e-3e94-4f2b-bf86-46299695c476,production.glass,available,70,23,10,,,
892b34a1-e6e9-4a96-864c-99bd0e089164,production.global,premium,70,23,10,,,
fe48b4de-3a08-48d4-bfd8-5bca9f76edd8,production.gmbh,available,70,23,10,,,
155dac63-e420-47be-8e44-af57a8530906,production.gold,resell,70,23,10,"DNSPod, Inc.",18/05/2023 15:15,18/05/2026 15:15
2db3212b-3ff2-44c8-83ef-f1421f634c64,production.golf,available,70,23,10,,,
142b4f45-394d-4722-8cc6-f59403593d18,production.gratis,available,70,23,10,,,
5aec3eb0-c7a0-467d-b052-deee2f5761e9,production.gripe,available,70,23,10,,,
a015ec6c-1ddd-4e81-987a-ef74b952ce6a,production.guitars,available,70,23,10,,,
7b078156-6bda-4308-942b-00794f02bcb7,production.guru,resell,70,23,10,"GoDaddy.com, LLC",05/02/2014 16:00,05/02/2026 16:00
c6333386-b866-4498-a5b2-b3fe57bda752,production.hair,available,70,23,10,,,
23fe999e-ab61-4806-9c26-899eb31305e3,production.health,available,70,23,10,,,
56612261-0db3-478b-90ce-1342e1cc803b,production.hiphop,premium,70,23,10,,,
5d621c80-f044-48b5-bfab-778fc3d4fecd,production.hiv,available,70,23,10,,,
b7462c45-5ef3-479d-8b1f-2ea6d16fc47c,production.hockey,available,70,23,10,,,
c6cf06c4-9d76-49f3-afae-7a44c4b42504,production.holdings,available,70,23,10,,,
b142ed88-5be9-4c7c-8d08-b53b6f028ff9,production.holiday,available,70,23,10,,,
b5bb42ef-9b96-4ba7-8d68-44086c368849,production.homes,available,70,23,10,,,
d012e8ff-6108-479c-894b-cf5a544e8359,production.horse,available,70,23,10,,,
7714c8f8-e4d4-4e53-805f-bfdf8152f822,production.hospital,available,70,23,10,,,
068c6355-f264-4a7e-adb1-38855b145e91,production.host,premium,70,23,10,,,
4df5759a-afa1-408b-8a82-b198c2ca764d,production.hosting,available,70,23,10,,,
ceaf69e3-dbda-40ed-84b1-9424e4bda597,production.hot,premium,70,23,10,,,
d59140f5-da7b-4a97-a2e1-e89d5f49bf9b,production.house,resell,70,23,10,"Spaceship, Inc.",26/06/2023 15:15,26/06/2026 15:15
5b76a4f1-7e86-4a5d-930a-0878ef2948ed,production.how,premium,70,23,10,,,
0c35c414-bf56-4d30-97d3-b6711f7bb763,production.icu,premium,70,23,10,,,
9d891a30-67c3-4d61-b988-6e3a665d5a04,production.id,resell,70,23,10,PT Digital Registra Indonesia,30/10/2024 00:07,30/10/2026 23:59
24826b3a-f0c0-4045-8a8f-a276b347feca,production.im,premium,70,23,10,,,
9a0a5181-ddd3-4090-a025-c000deb31f38,production.immo,available,70,23,10,,,
fb6f064d-3acb-40b2-a5e6-730d6e09b7bc,production.immobilien,available,70,23,10,,,
eaa05cf8-4234-4c2f-8c04-89786cf4ae87,production.inc,premium,70,23,10,,,
6cfbe6aa-1a2c-4972-b1fb-fb4fd2060ddf,production.industries,premium,70,23,10,,,
50b8a11e-6457-4d95-b701-cfe70ce06927,production.info,resell,70,23,10,"Sea Wasp, LLC",27/10/2007 09:37,27/10/2026 09:37
b2055caa-e3e4-475e-84af-d32be614757b,production.ing,premium,70,23,10,,,
d0c1cc23-ca68-4ec7-9fe4-adc4b37ec075,production.insure,resell,70,23,10,"GoDaddy.com, LLC",10/09/2014 16:22,10/09/2026 16:22
609175a7-69da-4cc1-bf62-e585f730ff05,production.investments,available,70,23,10,,,
474c012b-e89e-4999-a793-6fd7ce806aef,production.irish,available,70,23,10,,,
70140668-8b6c-46f7-99f7-a63907bde7a8,production.jetzt,available,70,23,10,,,
e20b352d-fdc7-466e-bcf6-7e08ea30251d,production.jewelry,available,70,23,10,,,
6891ba7a-da8e-4f97-a480-4d980ab85006,production.juegos,available,70,23,10,,,
64a73d44-52c6-4dd7-9c63-a8b63be8645b,production.kaufen,available,70,23,10,,,
1bf79ae5-6781-4f03-8868-a23a43c838c2,production.kids,premium,70,23,10,,,
923e4465-1b07-45d1-8c0f-acdf83bd4f46,production.kim,available,70,23,10,,,
9dbee4ff-00df-41f4-9cc8-73f1f8d4244f,production.kitchen,available,70,23,10,,,
72ab8bd3-3ebe-4568-ad91-d796c5c484b4,production.la,premium,70,23,10,,,
3dc3c615-d71d-4b7d-9e37-8fe229f636b9,production.lat,resell,70,23,10,Dynadot LLC,24/10/2025 13:17,24/10/2026 23:59
93eb65d5-deeb-49f9-909d-5f0710ff130f,production.lawyer,available,70,23,10,,,
b729aa72-e791-4843-a82e-59b42759aafa,production.lease,available,70,23,10,,,
6bba21da-a22f-47e1-ba60-41cc16f2d0b8,production.legal,expiring,70,23,10,"GoDaddy.com, LLC",29/12/2022 02:28,29/12/2025 02:28
e19232dd-81a4-4f04-a2f3-d2c6c4d270dc,production.lgbt,available,70,23,10,,,
891f50e0-02c5-4afd-b993-5b908a0b3310,production.life,resell,70,23,10,"Chengdu West Dimension Digital Technology Co., Ltd.",08/05/2018 12:36,08/05/2026 12:36
edbadaba-e84c-41a4-af58-04be8bf77abe,production.lifestyle,available,70,23,10,,,
79e23324-51cf-47e6-b5d5-1d56ae398a7c,production.limo,available,70,23,10,,,
e177e3fd-cdbf-4373-a7f3-4a519e842c99,production.link,premium,70,23,10,,,
bd4c9ddc-99bf-4cc7-b81b-5af52db9f3c9,production.live,premium,70,23,10,,,
63285846-6c7a-409c-b7b3-fc1f16bc0ca8,production.living,available,70,23,10,,,
003f1908-ce72-44a3-bb5e-669e703571ce,production.loan,available,70,23,10,,,
5872c11f-f881-4e21-93d4-f8cf47311e71,production.loans,available,70,23,10,,,
80938935-8840-46fe-804d-dcc4705a5359,production.locker,premium,70,23,10,,,
69fd1805-9e3d-4794-9cd9-d37886bd725c,production.ltda,premium,70,23,10,,,
9b38d684-75b4-4121-8235-6521cb8abed9,production.luxe,available,70,23,10,,,
bc105624-9ef5-4707-b703-ff38dfb2ea01,production.luxury,available,70,23,10,,,
4ce3ea15-ca96-44ea-95d6-1fb570c736eb,production.maison,available,70,23,10,,,
e0ac1225-be03-4a13-8f83-d59f64b3410e,production.makeup,available,70,23,10,,,
8a92f22d-a463-48b9-90c1-687519309734,production.market,premium,70,23,10,,,
a47a87e7-7beb-4b49-8b58-5f8521820481,production.marketing,expired,70,23,10,"Sav.com, LLC - 8",22/10/2024 17:00,22/10/2025 17:00
5413db6c-9b78-420c-8fbf-b058fb051211,production.mba,available,70,23,10,,,
04cb9e7f-6e0a-4eae-a899-12a47fcf4b50,production.me,resell,70,23,10,"GoDaddy.com, LLC",06/10/2010 19:42,06/10/2026 19:42
0f1b5c58-6393-4024-9f36-ae1f3241244c,production.melbourne,premium,70,23,10,,,
73445c3c-8be4-41e3-8e01-17e368c7125b,production.meme,premium,70,23,10,,,
c855fe08-aab5-425b-899b-df4bc165b209,production.memorial,available,70,23,10,,,
45c9b518-24db-4fe0-b466-ac56ecb3284a,production.men,premium,70,23,10,,,
be9a370f-085a-4874-80df-d6ea6071aed5,production.menu,available,70,23,10,,,
45dd8083-d6a9-49e7-9476-3c3bc0a4b4b8,production.mobi,premium,70,23,10,,,
e0de9251-91be-4e44-8b03-bd038797fb08,production.moda,available,70,23,10,,,
1449555f-f4da-4a53-a21b-5df8129b4d1e,production.moe,premium,70,23,10,,,
26275777-0b79-42fb-a98a-6d0b523aeae8,production.mom,available,70,23,10,,,
d2f181ec-8b32-45f5-b421-0cfa07a17083,production.monster,resell,70,23,10,Namecheap,19/08/2025 22:44,19/08/2026 23:59
ac4fdc94-1aad-4ff4-8aee-01475883a35d,production.mortgage,available,70,23,10,,,
b3e1245d-b967-4257-b33e-07ef318eb42a,production.motorcycles,available,70,23,10,,,
f6aad591-4ea9-41bb-ba2f-0ceddc5314ec,production.mov,premium,70,23,10,,,
a9f15157-e08f-4074-b018-7140e1bbc6b9,production.movie,available,70,23,10,,,
61f86bf2-0e7c-44d1-bee4-8927361a65ff,production.music,premium,70,23,10,,,
3becb7b8-c04f-40d7-9092-02242087f69d,production.mx,available,70,23,10,,,
7135dec4-a012-46ea-8431-a7ee08974451,production.navy,available,70,23,10,,,
3b6c54b8-dc1a-4b74-ad30-86b81a4221d0,production.network,expired,70,23,10,"GoDaddy.com, LLC",22/10/2022 13:15,22/10/2025 13:15
390e5850-81d3-43e4-a71c-0ce37e932e05,production.news,premium,70,23,10,,,
bd595e9a-c952-49b8-8361-92058254ccfb,production.nexus,premium,70,23,10,,,
9c4f535b-856b-4692-bb35-1ca6f4492396,production.ngo,available,70,23,10,,,
8a058784-51c6-4e33-9bc7-a5a31e442c3f,production.ninja,available,70,23,10,,,
c4523fb6-1863-44ed-92f9-35dd3cb73cb6,production.observer,premium,70,23,10,,,
e54ebf6f-cc0b-4a71-ae18-e6e29523aacf,production.ong,available,70,23,10,,,
2d04dd3b-92d4-427e-9dc3-672db94e0062,production.onl,available,70,23,10,,,
bc741202-d5da-4ed9-8a5d-5fd333414eda,production.online,premium,70,23,10,,,
75840aa0-0352-47e2-98ea-d4f3e9b1d5bb,production.ooo,available,70,23,10,,,
e8223574-f6ca-4aff-b3c3-4de245f65029,production.org,resell,70,23,10,Dynadot Inc,02/10/2001 18:03,02/10/2026 18:03
332f1e06-42be-4b85-b638-0fbe46bb5ec3,production.organic,available,70,23,10,,,
12740365-cf7a-41eb-b714-c592cb021c1d,production.osaka,available,70,23,10,,,
32a1458d-101f-439b-be71-9991c38a149c,production.page,premium,70,23,10,,,
529aed4c-453c-46c1-9898-dbd8fa08dc9b,production.partners,premium,70,23,10,,,
9093c957-fad9-4097-991d-c41b8df918ce,production.parts,available,70,23,10,,,
d2a4ec62-bb68-489e-8f7a-01ed3dac19f1,production.party,premium,70,23,10,,,
d07b88aa-4fbe-4e11-85b2-dc614cf8b649,production.phd,premium,70,23,10,,,
1e947224-717e-47da-828b-25d35497817c,production.photo,premium,70,23,10,,,
1f7aea5c-a186-4f83-a940-e009e3aabe22,production.photography,available,70,23,10,,,
d68d2043-acfe-4009-bf6c-a9dff77060da,production.pics,resell,70,23,10,"Spaceship, Inc.",16/03/2025 15:22,16/03/2026 23:59
9c467846-8750-4379-9c3a-1fa7a859fa1c,production.pink,available,70,23,10,,,
b70f9879-7d2e-4d69-b7f7-5c8d67cbc5c8,production.pizza,available,70,23,10,,,
482aec37-78c5-4f65-bf7d-5db1f0953478,production.place,expiring,70,23,10,"Ascio Technologies, Inc. Danmark - Filial af Ascio technologies, Inc. USA",28/12/2016 16:48,28/12/2025 16:48
baa310a4-e9b2-4fcb-8412-d4e3ef500d98,production.plumbing,available,70,23,10,,,
9a1ea5cd-5e72-45c1-9cdc-46df3146ec2d,production.poker,available,70,23,10,,,
a4628ec2-3c08-464a-9114-ae6a905a4a8c,production.porn,available,70,23,10,,,
bdcaf0b9-da01-4f9b-9b51-ffbab4403a31,production.press,premium,70,23,10,,,
99542522-d7b4-4512-b2a2-6d61c03531c0,production.productions,premium,70,23,10,,,
65e7ca5a-71c8-4dbb-9f41-56f6848da070,production.prof,premium,70,23,10,,,
43db2734-a33f-4d1f-953d-b543e5174ab9,production.promo,resell,70,23,10,IONOS SE,01/12/2025 16:21,01/12/2026 16:21
aa683a3b-b339-4ea5-962a-d0944d8c8176,production.property,premium,70,23,10,,,
1b919c3c-ea9f-4e09-a48d-02c25c0ce09d,production.protection,available,70,23,10,,,
09d1cece-efda-4620-b8e0-d9270d69b600,production.pub,available,70,23,10,,,
48f76cde-b411-4698-a31e-5b3b33d32d06,production.pw,available,70,23,10,,,
8b1ee0ad-0a67-4172-acfb-4fdfd719f675,production.qpon,available,70,23,10,,,
2f23cc0b-3d7d-44db-8df2-434f24c92ad1,production.quest,available,70,23,10,,,
c9d8dbd6-365d-4227-9ef6-b3c308e307d9,production.racing,premium,70,23,10,,,
caddab54-1db0-4049-8ec4-ce7dbcfea268,production.realty,available,70,23,10,,,
07bac29c-5d78-4c23-96cf-d8525021a38c,production.recipes,available,70,23,10,,,
c39a704c-2ecf-4be0-b9e4-e18b995fad05,production.red,available,70,23,10,,,
fc4e0afd-501b-4a1f-ae22-aa142a564961,production.rehab,available,70,23,10,,,
589b8d24-d6ba-49ef-93f2-9ff0f391faa8,production.reise,available,70,23,10,,,
acd9da5d-7466-4f84-894f-38cef935c1b5,production.reisen,available,70,23,10,,,
457a4c5b-1c6d-479d-befb-fa474dee1d41,production.rent,available,70,23,10,,,
df64baa0-fd26-48e0-b6a1-d0ff86544c79,production.repair,available,70,23,10,,,
1093f11b-aa9f-414d-b75d-b099796f33a4,production.report,available,70,23,10,,,
f7252fb6-2424-474c-9e07-618e2d8bf2fd,production.republican,available,70,23,10,,,
8ab8fc6a-654b-4cda-b8fe-b9de7547123e,production.rest,premium,70,23,10,,,
079c9d71-4d4f-46dc-ba4d-0cb486a11cd6,production.restaurant,available,70,23,10,,,
f4c59082-0346-4d1a-a765-a66a8987d421,production.review,premium,70,23,10,,,
3d219768-8d1e-4326-b8b4-6d0812a0ad02,production.reviews,available,70,23,10,,,
157dfbef-27a3-49ec-9e4a-aa91b3c9ce42,production.rich,available,70,23,10,,,
4f33326f-013f-442e-a75a-78b92d284ef6,production.rocks,available,70,23,10,,,
ec181bd5-a317-412e-aa40-1ac5cb00269b,production.rodeo,available,70,23,10,,,
a4f42280-882d-46f5-9130-3f712250f434,production.rsvp,premium,70,23,10,,,
d28de34f-8f95-4ac2-b77a-7f6ee3df4899,production.sale,resell,70,23,10,"Xiamen ChinaSource Internet Service Co., Ltd",07/05/2025 15:15,07/05/2026 15:15
8c644c3b-8ba5-40ac-a3de-fdc95e328fbe,production.salon,available,70,23,10,,,
2e9dcf29-3ca4-45bc-974a-15db662dbe4e,production.sarl,available,70,23,10,,,
e574260b-7076-4016-b11b-7d9da37323c0,production.sbs,premium,70,23,10,,,
9df504ce-bc95-4984-a0e5-40156962bd28,production.school,available,70,23,10,,,
df44da80-4033-4a75-8928-545b7ae40dec,production.schule,available,70,23,10,,,
835034aa-2836-469d-8804-0caa2629dc65,production.science,premium,70,23,10,,,
a2ad1c2d-08a6-4d52-af60-8c8a6976b07a,production.security,available,70,23,10,,,
de12172c-28d9-4a92-b218-47c50983f459,production.sexy,available,70,23,10,,,
f4bc9a14-fe39-401f-89b8-e6f77e686d19,production.sh,available,70,23,10,,,
00208652-4f6e-4b26-a612-9e978b017c73,production.shiksha,available,70,23,10,,,
47f6b793-ca51-4116-9be6-24e02c0f443f,production.shoes,available,70,23,10,,,
9a168d33-38ad-46d6-afcf-5723c6f3c853,production.shopping,available,70,23,10,,,
95ba8a88-d57c-4c7e-8d3c-cb162dc82488,production.show,available,70,23,10,,,
4b463457-3ff9-4639-a2e3-b5c4de72986b,production.singles,available,70,23,10,,,
ac05986d-0fe1-4d5b-b5cf-789029482be1,production.site,premium,70,23,10,,,
56974d25-0060-4532-b7dd-912d9a0be75d,production.ski,available,70,23,10,,,
b22e5df0-2805-49ad-a9f9-745c00cca80d,production.skin,available,70,23,10,,,
8c2075b2-1686-4d1f-ab06-01e5a20311e6,production.soccer,available,70,23,10,,,
f6a5670e-a85a-4c4c-bf2e-4e08fb08d429,production.social,resell,70,23,10,"DNSPod, Inc.",11/05/2023 15:15,11/05/2026 15:15
ec1f5a67-1c4c-499a-b342-a7466b9ac8a5,production.software,premium,70,23,10,,,
fa156355-a4d9-476b-9776-fef5426f5f9e,production.soy,premium,70,23,10,,,
3118a1bb-7a46-4e40-873f-ede1f27db978,production.space,premium,70,23,10,,,
a369402b-cfa8-4f23-961e-ceae99571c25,production.spot,premium,70,23,10,,,
312126e8-bbe8-4f33-a11f-007d998bf13f,production.srl,available,70,23,10,,,
d3e11c56-3e84-4a2e-92e4-76610dfd4f86,production.storage,available,70,23,10,,,
8eb2eda6-1550-4fb8-baa8-304cd75e2c97,production.store,premium,70,23,10,,,
e2f32079-57fd-47e3-8b11-e312ddb94c24,production.stream,premium,70,23,10,,,
a72593a5-4a74-457c-86e4-9a265818a329,production.studio,premium,70,23,10,,,
50ce7d8a-d591-4e40-b423-fd6cd4958b65,production.study,premium,70,23,10,,,
47c9f787-2c40-4c1e-acea-bc3c52bc0e98,production.style,available,70,23,10,,,
a36b24ed-d0bc-4fa1-88d2-81dd83067493,production.sucks,premium,70,23,10,,,
8a631f45-aa9b-4f76-b9e4-a2ae7111cc19,production.surf,available,70,23,10,,,
bbf5fe3e-917a-43a7-bff4-1e1acc050c34,production.surgery,available,70,23,10,,,
d008bdf1-dfc8-45c9-9fe2-c69a7522584c,production.sydney,premium,70,23,10,,,
9b3ad3d7-245c-48cb-9d01-16ed4ff25cf3,production.talk,premium,70,23,10,,,
3e43078d-37a5-40f7-9866-041e1a7f94e1,production.tattoo,available,70,23,10,,,
3a1a6fc5-d3e6-45e9-b0f2-e5cb9a5a0f2b,production.tax,available,70,23,10,,,
99199234-be85-41f6-a783-b6a3913520c0,production.taxi,available,70,23,10,,,
24470564-017e-474d-a43c-8a363bba4692,production.tech,premium,70,23,10,,,
db1541d4-d43e-4c1f-a591-424acb10a279,production.tel,available,70,23,10,,,
e13847a4-5ebb-4232-94a1-41f7315ce7e8,production.tennis,available,70,23,10,,,
a72f72c8-f5b4-431e-9fd0-7047f82425c6,production.theater,available,70,23,10,,,
c6881c5b-1e8c-4a09-95d2-de2998e20a36,production.theatre,available,70,23,10,,,
14a405ce-8e43-46b1-93a4-d10fc84fa44d,production.tickets,available,70,23,10,,,
09dc3170-bff0-4014-93ed-b0023ff418e0,production.tienda,available,70,23,10,,,
a3a4e206-f5c7-447f-b06f-2c5f47ac6af6,production.tires,available,70,23,10,,,
2dbc22ab-729b-4709-89a4-e5e46a7b8621,production.to,resell,70,23,10,NAMECHEAP,29/05/2023 02:27,01/08/2026 00:00
497e90d3-50f8-4cc7-89e2-0f139afb8e43,production.top,premium,70,23,10,,,
9432fea7-561f-4581-8ff3-cd10f81a2481,production.tours,available,70,23,10,,,
c772c21c-d471-4329-b260-8ddec4483d6a,production.town,available,70,23,10,,,
aad7aa20-82a4-4614-8a09-277cbfecb461,production.toys,available,70,23,10,,,
cffbf2c4-ba80-416e-94dc-b497a28f735f,production.trade,resell,70,23,10,Porkbun,20/06/2021 02:20,20/06/2026 02:20
772d317c-b034-4fba-9e62-368951f4c8cc,production.tube,premium,70,23,10,,,
f433415c-0053-4e1c-8ed9-d5db8f0c4c9e,production.tv,resell,70,23,10,1API GmbH,18/03/2010 18:33,18/03/2027 18:33
4519d64a-a09e-4ec7-b0f4-7726a6f25821,production.university,available,70,23,10,,,
ad9366cb-ce63-44dd-adda-c4dfdbd943a1,production.uno,premium,70,23,10,,,
c9ccaa83-fb04-4146-b446-c5c2e503b0bf,production.vacations,available,70,23,10,,,
e3fe56c3-daef-4421-832b-6c4dd2043935,production.vana,available,70,23,10,,,
4695eb35-9350-4a2a-a7bf-0a99eb2065d7,production.vc,resell,70,23,10,Dynadot Inc,03/03/2025 08:35,03/03/2027 08:35
a59f6be0-51bd-4701-8e49-db8f8c396230,production.ventures,available,70,23,10,,,
e3db6042-dc78-4f02-a4f1-91d68583e287,production.vet,available,70,23,10,,,
4ea1b554-6f2a-4423-80b3-f23b6d34899e,production.viajes,available,70,23,10,,,
8721bf3f-d4c6-485c-baaa-bbb57d7980e5,production.video,premium,70,23,10,,,
73cf7a82-b641-467c-ae06-e01bbf096797,production.villas,available,70,23,10,,,
3c7fc7d9-90a7-4df0-ad51-fe45e5502ce3,production.vin,available,70,23,10,,,
0ec8ce88-dc81-4f94-bb61-3786b8ef77c5,production.vip,resell,70,23,10,West263 International Limited,14/08/2019 07:00,14/08/2026 07:00
d6bc65de-731b-4478-8c1c-d74e1a20d59d,production.vodka,available,70,23,10,,,
01317fbf-51bb-4f6e-bd3b-47124fe64ed3,production.vote,available,70,23,10,,,
4f890429-f9c4-46df-b43a-ef9c93b5e2e8,production.voting,available,70,23,10,,,
ad27b266-5c83-4f1a-a479-9d0c1b6a1bc5,production.voto,available,70,23,10,,,
f5532b4e-89d4-46da-90fd-cb1f7ee7a47a,production.voyage,available,70,23,10,,,
166b0528-bb83-4d6a-98a8-69783cc6ae99,production.watch,available,70,23,10,,,
44f1e372-2668-4051-8233-4f56e76f349b,production.webcam,available,70,23,10,,,
0d372326-773d-40d2-8499-4ed61cea2002,production.website,premium,70,23,10,,,
c5220a54-61ec-42b7-8b9f-b2a5a7a0efa6,production.wedding,available,70,23,10,,,
ab626473-b58f-478a-aa6d-40c7bb7e4bc9,production.wiki,resell,70,23,10,"Sav.com, LLC - 8",24/02/2025 00:00,24/02/2026 00:00
138ed64c-b967-4c01-b2b0-43f4250c710c,production.win,premium,70,23,10,,,
92cc09ec-ba54-4bf0-b0e3-d72dd8f7e446,production.wine,available,70,23,10,,,
940eb48c-5921-49ce-81b4-5e0a9e31477a,production.work,premium,70,23,10,,,
bdf56817-a158-42c0-89e3-7f49fc7b860a,production.works,resell,70,23,10,"Sav.com, LLC - 27",08/05/2025 15:15,08/05/2026 15:15
6b290e21-90e2-48ee-adae-f9fc4c215359,production.yoga,available,70,23,10,,,
c16b38b9-618e-4f6c-9887-6a62cd21c8d3,production.you,premium,70,23,10,,,
dd76f4c6-83f6-46fa-a76e-0e11d53eb926,production.zip,premium,70,23,10,,,
64db07ee-bc1a-40ff-ae62-e0fe836be6bb,management.accountant,premium,76,23,10,,,
54eedd33-78a5-4d6b-b3b8-79abc2e04c6e,management.accountants,available,76,23,10,,,
c03a5e6e-26df-4945-9c08-246da3dc153d,management.actor,premium,76,23,10,,,
c767ed15-4f5b-46b9-97c6-8d2075cc4e9d,management.adult,available,76,23,10,,,
1d295b45-a866-4bef-a5ff-0db300dd85af,management.ag,available,76,23,10,,,
43b22573-22c4-4573-af08-9c665df9308f,management.airforce,available,76,23,10,,,
f553384f-fc95-4bb3-b363-c9f7fae1ee19,management.apartments,premium,76,23,10,,,
0cf4f843-ec67-46a0-9080-915035fa6aeb,management.app,resell,76,23,10,"GoDaddy.com, LLC",08/05/2018 17:10,08/05/2026 17:10
4252ae13-b79f-4178-87c2-17db3ff66c5e,management.archi,available,76,23,10,,,
5ed58764-5f4e-48f6-a4c9-38e72f5120cf,management.army,available,76,23,10,,,
001be99a-28cb-4031-b8ca-8c56ee53c63d,management.art,premium,76,23,10,,,
34862ecc-917f-4d5a-a84c-f1a11f91e661,management.associates,premium,76,23,10,,,
25bc18d7-4fda-4d32-8f0a-2991ac9acbc9,management.attorney,premium,76,23,10,,,
033740f9-4707-4ed1-bad1-a6a98f35089f,management.audio,available,76,23,10,,,
34615a50-ce9f-4c42-9015-4310a1b86114,management.auto,available,76,23,10,,,
9ee19420-9dfa-4786-8ffe-eacdf4e12a99,management.autos,available,76,23,10,,,
069b2e19-1b94-4de2-b1e5-5bff9531afa4,management.baby,available,76,23,10,,,
5d7cea54-86b4-489b-b463-7c575a3bdd88,management.bar,premium,76,23,10,,,
8b042138-7519-4185-b9d9-157bb0d6e410,management.bargains,premium,76,23,10,,,
0e0fdcbd-8ef1-4204-9ecf-7149883be8b2,management.bayern,premium,76,23,10,,,
eba84323-a868-4989-8179-17afc104e305,management.beer,available,76,23,10,,,
9f6b53d6-8ee1-4357-bf2c-440d49571de1,management.berlin,resell,76,23,10,,27/11/2015 15:23,27/11/2026 15:23
4483dd2f-d98b-4231-b1ef-b815aa86cd3f,management.bet,available,76,23,10,,,
f9338da0-4aea-46e1-98d6-a78c987cef60,management.bid,available,76,23,10,,,
5b71fc48-a7cd-4358-913a-b197c0f9ab5b,management.bike,available,76,23,10,,,
05613b07-efd6-44f9-9e1e-4cb2a4cccf16,management.bingo,available,76,23,10,,,
138c9c9f-5d2e-4bc0-b47f-5b412b555ae8,management.bio,premium,76,23,10,,,
89ef4165-3861-4e8b-878c-2465f91d9e76,management.black,available,76,23,10,,,
1625fc84-98f3-472a-818f-9898544e9627,management.blackfriday,available,76,23,10,,,
c00548fb-531c-4e77-9643-f409f8175137,management.blog,premium,76,23,10,,,
6cb3dd91-5394-4ab1-b6ef-1a036bd497c2,management.boats,available,76,23,10,,,
d10ddb42-e835-4dc5-afde-31b762ee17cc,management.bond,premium,76,23,10,,,
9cbc212d-d846-4932-9a16-48339d787a32,management.boo,premium,76,23,10,,,
6cbcb4a5-1301-4b63-b322-186c59de376e,management.boston,expired,76,23,10,"GoDaddy.com, LLC",15/12/2017 16:32,15/12/2025 16:32
93829ff1-770d-4dbe-a6dd-b97664dcfed0,management.bot,resell,76,23,10,"Dynadot, LLC",31/10/2023 22:34,31/10/2026 22:34
ff0c5753-bd66-4e78-b843-3c89da12e9be,management.boutique,available,76,23,10,,,
8a3d16c2-feb7-45e0-be47-39b5b9f90c78,management.build,premium,76,23,10,,,
a1900409-1139-435f-aea5-2ea78b33f3d0,management.builders,available,76,23,10,,,
fb8d6f4b-0538-44a6-a873-c0ee099cf862,management.buzz,premium,76,23,10,,,
c6bd19f3-e66b-4422-be75-1384d958a671,management.cab,available,76,23,10,,,
6bd08195-3cbd-40d0-968a-ae875cb3e214,management.cam,resell,76,23,10,"Spaceship, Inc.",30/10/2025 13:28,30/10/2026 23:59
1b486bf3-176d-4aff-bc0f-6567864a43ea,management.camera,available,76,23,10,,,
05434176-9093-4113-babb-c6f9701b43a6,management.capital,premium,76,23,10,,,
1dafc203-2c77-45aa-b7c0-34107ecb4aaf,management.car,available,76,23,10,,,
a4cd21f5-a657-472e-9d9e-568765a9faf6,management.cards,premium,76,23,10,,,
3ffeb79d-bc26-43ad-a45a-019a083bb33f,management.care,premium,76,23,10,,,
baa22dfa-4d46-47d1-adf8-04e55da9f7cb,management.cars,available,76,23,10,,,
103b77b3-f9ad-4e05-a748-b9bf707dbf48,management.casa,resell,76,23,10,"NameCheap, Inc.",09/06/2025 23:51,09/06/2026 23:51
c9a76181-1444-4863-aa7e-abc8e3c4e8b9,management.cash,premium,76,23,10,,,
ab8be858-8168-4f94-9bf8-5153db5298cb,management.casino,available,76,23,10,,,
7b133632-8991-4d5c-ac07-2ac424c44fcc,management.catering,premium,76,23,10,,,
ad6473ca-2e4d-4f3b-b31d-b01a7640b9f7,management.cfd,premium,76,23,10,,,
b6f5faff-cf71-494a-8e39-fce3908fea3c,management.charity,available,76,23,10,,,
bd60b49b-affb-4fbb-91aa-0d79f68350cd,management.chat,premium,76,23,10,,,
d36edc25-e28c-4d3c-8804-2cd6eae47a21,management.cheap,available,76,23,10,,,
b5f6af26-90f5-4729-8b4a-2c095bb61f38,management.christmas,available,76,23,10,,,
78dd3101-c82e-4001-8d7a-44ef372944e6,management.city,resell,76,23,10,"DNSPod, Inc.",25/08/2022 13:15,25/08/2026 13:15
e90da3d4-93e1-40ee-8cd6-f7fd04f1dfb7,management.cleaning,premium,76,23,10,,,
6901a336-1954-4a6d-b38e-269c1f77e9ad,management.clinic,premium,76,23,10,,,
6a4388c3-21db-412d-aacc-4b877e54ff21,management.clothing,available,76,23,10,,,
610f593e-14fd-4cb0-ab50-cf2cb78f8fc4,management.cloud,premium,76,23,10,,,
5f90bd5a-e7eb-463e-acef-ed9dc551d1bb,management.co,resell,76,23,10,Hello Internet Corp.,24/02/2010 22:49,23/02/2026 23:59
9194ddfa-48b5-4e73-b508-f6b13c2f4004,management.coach,expiring,76,23,10,united-domains GmbH,08/01/2018 10:38,08/01/2026 10:38
9b175a33-4996-4ea9-b10b-41d1b3d23b71,management.codes,available,76,23,10,,,
8cea5683-28b1-4a56-9375-63a312b7b850,management.college,premium,76,23,10,,,
4da35666-49f1-4040-a3da-b200e9155053,management.com,resell,76,23,10,"NameCheap, Inc.",06/06/1997 04:00,05/06/2026 04:00
795e24a8-e3a4-4a8a-96eb-6970c646a3f8,management.community,resell,76,23,10,"Spaceship, Inc.",01/11/2021 21:45,01/11/2026 21:45
2d2a0ec5-cf1b-41c8-bedf-a6a708dc4138,management.computer,available,76,23,10,,,
85e68c34-522a-4079-be91-40a8aaa314b8,management.consulting,premium,76,23,10,,,
2a4a9e54-0469-4a1c-bdaa-e61556dce9ae,management.contact,resell,76,23,10,Porkbun LLC,09/12/2020 16:00,09/12/2026 16:00
374d9384-7579-4ecb-ae27-e17ec7a5c73a,management.contractors,premium,76,23,10,,,
4577bff3-77c9-421c-b21f-81c91a696710,management.cooking,premium,76,23,10,,,
dfc9fcbd-4352-4601-ae46-b724fbfda8c3,management.cool,available,76,23,10,,,
dc102fea-56e5-426e-8903-85dac16476b0,management.country,available,76,23,10,,,
437a28ba-e06f-4474-bbea-cfbdbe17b65c,management.coupons,available,76,23,10,,,
3b33f278-dd7f-40c5-82dd-f487a1b87c65,management.courses,premium,76,23,10,,,
35ae5a71-0f85-4ca5-9d41-891795239bc5,management.credit,available,76,23,10,,,
d7050d40-4232-4aeb-b83f-7f64055494a4,management.creditcard,available,76,23,10,,,
b2b1e528-62e5-4db3-98fe-4dc1eeb5d16f,management.cricket,premium,76,23,10,,,
261bdaf6-38f3-4605-a744-da442a3e5736,management.cruises,available,76,23,10,,,
907585ce-8ba5-4167-a60e-8787fadd834f,management.cx,resell,76,23,10,CentralNic Ltd,06/07/2023 00:00,06/07/2026 13:32
685f0157-acc2-4952-ba79-1436b1470faf,management.cyou,premium,76,23,10,,,
62e73b17-ea8b-4910-9ec0-d78417800c66,management.dad,premium,76,23,10,,,
734e43d9-5cb5-4e20-b6d5-4d8870985c05,management.date,premium,76,23,10,,,
bc4887ee-d943-4a67-a0cb-eba3b1f8953a,management.dating,available,76,23,10,,,
6ec48dd8-d69d-45ee-9cfe-355b6853e4b0,management.day,premium,76,23,10,,,
85a2dd07-e352-49a1-816b-2d653093b910,management.deal,premium,76,23,10,,,
b1ee3c0c-db59-47cf-8dd9-ede9fe8c9a31,management.dealer,premium,76,23,10,,,
8d02fd82-9287-4f07-b9b8-f496bde7b448,management.deals,available,76,23,10,,,
643b64d7-088a-4a0d-bdd0-e3d9038b797f,management.degree,premium,76,23,10,,,
6450a48e-9cf4-4734-853a-6e45656d5518,management.delivery,available,76,23,10,,,
14e713d0-9098-45f0-b8bd-0a3f8ff89471,management.democrat,available,76,23,10,,,
398b66ba-c6cc-4d64-9195-cd6651696809,management.dentist,premium,76,23,10,,,
8ff72f04-0516-4841-96ed-582252971e3a,management.design,premium,76,23,10,,,
576abe10-44e7-4cfc-a46e-f4411e3d3a39,management.dev,premium,76,23,10,,,
63721ee7-b370-40ae-b528-029b3cb2ce80,management.diamonds,available,76,23,10,,,
8a5eee60-8a1e-4666-9cfb-350fb594ab00,management.diet,available,76,23,10,,,
278bedd7-a336-44cb-8e26-04a40e255934,management.digital,resell,76,23,10,united-domains GmbH,01/06/2015 14:30,01/06/2026 14:30
8a0d2745-7591-4cb2-8514-f7bd560fd5bb,management.discount,premium,76,23,10,,,
bd9943c1-66b2-4fcb-8d6b-7728bcac81dd,management.diy,premium,76,23,10,,,
9b882d1a-67dd-4c26-bf2f-6b498d1700ca,management.doctor,resell,76,23,10,"GoDaddy.com, LLC",31/10/2016 22:01,31/10/2026 22:01
8182c852-540a-412b-8a51-de755bd60efb,management.dog,available,76,23,10,,,
2cffae96-d5f5-439f-acf7-fc1fb49bfded,management.download,premium,76,23,10,,,
072c0d39-0402-4c91-87f2-cf3d1dc1f986,management.email,premium,76,23,10,,,
4abe9ccb-cd44-4673-91fc-2b7923a76ca6,management.engineer,premium,76,23,10,,,
3d2a6643-d6d2-409b-9fe7-98baaa397d33,management.engineering,available,76,23,10,,,
11e9ea97-6102-42ad-9a8e-7f92cd9766c7,management.enterprises,available,76,23,10,,,
1c588b24-2cb1-4713-bcec-99e2bcbe73a1,management.equipment,available,76,23,10,,,
930cb010-c4a5-40ab-a63b-d94fe9a3136d,management.esq,premium,76,23,10,,,
cd054cb7-0f42-4483-a039-2463cc652004,management.events,premium,76,23,10,,,
2ddb99a5-53db-4ac1-bc4b-14f39646c130,management.exchange,premium,76,23,10,,,
06fb067c-563e-47d7-9903-ca43304da860,management.expert,premium,76,23,10,,,
6d3352c7-e9ae-4055-b0a9-ac2537588c78,management.exposed,premium,76,23,10,,,
d5271c31-d1a8-4044-90ef-de5589396591,management.express,available,76,23,10,,,
e2d3fa0c-37ca-456b-b79e-1514fae477f4,management.faith,available,76,23,10,,,
df7576fd-58ae-48d9-bbae-9dd95436b768,management.family,premium,76,23,10,,,
307abc36-29a6-4377-b2e7-7a38f30408cd,management.fan,premium,76,23,10,,,
ddc156a9-847b-4245-89d7-bededa06e671,management.fans,premium,76,23,10,,,
c2a6e983-6fdd-4b13-b24e-8ea26036f758,management.fashion,available,76,23,10,,,
77badbdf-194d-4c68-8820-a2ef29dadfec,management.fast,premium,76,23,10,,,
f2b4f62b-eb11-42ca-af7a-c1d94b2b811f,management.film,premium,76,23,10,,,
68a9afb9-079a-4afe-b0ec-49db2ad3a158,management.finance,resell,76,23,10,Dynadot Inc,24/04/2025 17:00,24/04/2026 17:00
fb23b407-729d-4c27-b3ea-e86112dc10c0,management.financial,premium,76,23,10,,,
d7bcb1e9-6f4d-4627-acba-23bc56c6ffee,management.fish,premium,76,23,10,,,
27bf3940-a675-4949-8c4a-c13a29c9224e,management.fishing,premium,76,23,10,,,
e25b1807-3590-4a7c-b5b2-93ed73df8795,management.fit,resell,76,23,10,"Chengdu West Dimension Digital Technology Co., Ltd.",10/02/2024 04:06,10/02/2026 04:06
a814a24d-8720-4164-b076-b49c2f927e11,management.fitness,premium,76,23,10,,,
aaef4866-e174-4692-8653-799988b22098,management.flights,premium,76,23,10,,,
b8353a68-8a35-4345-81a5-99ff2509d917,management.florist,available,76,23,10,,,
20e2c149-5332-4c47-816d-e20c9f50f1c5,management.flowers,available,76,23,10,,,
54bb4bc5-cded-4f49-928a-97f54a23a7ef,management.fm,premium,76,23,10,,,
9bd32b82-aa1a-44e2-827b-5433e674d548,management.foo,premium,76,23,10,,,
859220ff-652f-468f-a35e-d84e4464c8ed,management.food,premium,76,23,10,,,
f29846eb-1ee4-411d-9585-c4978cf06b40,management.football,available,76,23,10,,,
5aad8dba-fa0f-437a-a21c-6f5bb8796336,management.forsale,premium,76,23,10,,,
bb758cbe-9520-4b29-b2bb-8c70c68448ad,management.foundation,premium,76,23,10,,,
ea21dca7-18df-416b-bcde-2a46df82ce3c,management.free,premium,76,23,10,,,
6d4d16da-b712-4a3b-aef0-6f5399f551e1,management.fun,premium,76,23,10,,,
5ec14dfd-889f-4366-9276-a797e217c372,management.fund,premium,76,23,10,,,
38e32df6-27b0-4925-abd5-ab6828715f7e,management.furniture,available,76,23,10,,,
ec85cd18-a3e4-4973-9073-0b51722f043f,management.futbol,available,76,23,10,,,
8ff5ba2b-c7ff-46d1-9e70-7f30e3c7f841,management.fyi,premium,76,23,10,,,
76a85309-cd3e-485e-8ee3-794e6346035d,management.gallery,premium,76,23,10,,,
42e9e93c-805a-4fe9-8bba-47332177702f,management.game,available,76,23,10,,,
cde03e1c-bf0d-4108-a33b-6fa74f98b291,management.games,premium,76,23,10,,,
f5e2ed11-4a62-447c-8e2d-cf02809907cf,management.gay,available,76,23,10,,,
62550ad5-4086-4fa1-b997-c6463b8f3091,management.gg,sold,76,23,10,Dynadot Inc. (https://www.dynadot.com),,
5c235e6c-9cc2-4806-877d-e534291e1be2,management.gift,available,76,23,10,,,
9f55e37a-8b24-46da-8053-cde1eb5abf0a,management.gifts,premium,76,23,10,,,
f33e254c-05aa-4e6a-8c1a-9d5ed35dd23b,management.gives,available,76,23,10,,,
02599ba4-a9bf-48d6-b617-68f37f6c7cac,management.giving,available,76,23,10,,,
42987b9d-c60b-4b9f-a56c-2732b442950f,management.glass,available,76,23,10,,,
0ad3182e-84b7-4626-8c75-c89de6450958,management.global,premium,76,23,10,,,
837e57c7-c922-47d0-b626-181f5c6ef9c5,management.gold,resell,76,23,10,"DNSPod, Inc.",21/02/2019 08:13,21/02/2026 08:13
3082df36-3a23-4372-b966-803537cf4c2e,management.golf,resell,76,23,10,Dynadot Inc,09/07/2025 17:00,09/07/2026 17:00
a7f3da97-6a73-4a8d-8066-e07823f2c9eb,management.graphics,premium,76,23,10,,,
36f8ec66-5b06-4397-b734-019a4e7be6b6,management.gratis,available,76,23,10,,,
b9711b11-011f-42d4-9449-98a8ae09afed,management.green,premium,76,23,10,,,
c1e9fe69-8eb5-45bc-82fe-ccdb68828a43,management.gripe,premium,76,23,10,,,
b501e5c1-a035-4590-9015-2ed881c4f538,management.guitars,available,76,23,10,,,
e9ada139-466c-4d63-ac91-538d64b85a4f,management.guru,premium,76,23,10,,,
0933a69e-50b0-4cd4-950e-66b47ea74e9a,management.hair,available,76,23,10,,,
17a12501-490e-4e30-bac5-e24a17f37875,management.haus,premium,76,23,10,,,
cc7298e9-f383-42b6-8fac-c21f3198bf62,management.health,premium,76,23,10,,,
a19259d5-651e-4706-9388-180ac3b39038,management.healthcare,premium,76,23,10,,,
89efe223-3d20-416a-8704-a634aedda02f,management.hiphop,premium,76,23,10,,,
fe735e98-f280-4b7d-958e-60463704c75a,management.hiv,available,76,23,10,,,
6c040445-4269-4dd4-a875-555cad780888,management.hockey,available,76,23,10,,,
6760324d-5e56-4408-b5bc-b1bf0002498d,management.holiday,available,76,23,10,,,
554075e6-4071-4bb7-a5f5-a3efaebdb783,management.homes,resell,76,23,10,"Xiamen ChinaSource Internet Service Co., Ltd",09/04/2025 08:53,09/04/2026 23:59
b6e8fa15-0118-4ff7-9787-e912c35862db,management.horse,premium,76,23,10,,,
3be48b5e-044a-4ff2-a5fa-f6acc11187a0,management.host,premium,76,23,10,,,
a97c934f-5ac8-451a-a7f0-4ee84ad65c94,management.hosting,available,76,23,10,,,
cfd850fb-e546-465b-ab94-a9a0a4156625,management.hot,premium,76,23,10,,,
f677de92-4462-4958-928d-2fca400ffc78,management.how,premium,76,23,10,,,
4685579a-3f57-4b32-9150-eaebe0cf86bd,management.icu,premium,76,23,10,,,
e3560c3b-4cbc-4206-bff7-c2d289b45540,management.id,resell,76,23,10,PT Registrasi Nama Domain,10/07/2016 03:31,10/07/2026 23:59
020d5753-4e83-41ce-9c1c-2ba4b3067a2c,management.im,premium,76,23,10,,,
edff83ea-b9e4-4e2e-9b51-343dee160e48,management.immobilien,premium,76,23,10,,,
e1604644-9a8d-401f-b6ae-4e0e17814769,management.in,resell,76,23,10,Endurance Digital Domain Technology Private Limited,16/02/2005 06:56,16/02/2027 06:56
8a5c3587-4da8-4664-afbb-3e81fe3810b0,management.inc,premium,76,23,10,,,
4539aacd-c7ad-4bc4-93bb-b086dba2f7c6,management.industries,premium,76,23,10,,,
08d3c332-54d8-4db8-bded-c60bfde4de49,management.ing,premium,76,23,10,,,
db4ee7cb-b5bf-4d65-bfa5-4a837fde97c2,management.ink,resell,76,23,10,"Sav.com, LLC - 3",19/06/2025 17:36,19/06/2026 17:36
fcdd46ca-9345-4e30-9637-d1f5498b417d,management.institute,premium,76,23,10,,,
1cf84f1c-501f-4462-b7d7-ddc2c26f19ab,management.insure,premium,76,23,10,,,
084ba326-be63-44b1-82f5-ef02d8d7b62d,management.international,expired,76,23,10,GoDaddy Online Services Cayman Islands Ltd.,02/10/2018 06:22,02/10/2025 06:22
b6950c1d-3b9f-4f7b-b24f-a045f5f0caee,management.investments,premium,76,23,10,,,
e00d3085-4a5b-4715-aa43-057d10669695,management.io,sold,76,23,10,"Name.com, Inc.",17/05/2024 21:03,17/05/2026 21:03
54b7b4b9-171b-46de-94ea-4244d0ad8d62,management.irish,available,76,23,10,,,
55602136-c038-46ba-adb4-a120bee25b1c,management.jewelry,available,76,23,10,,,
b3bf1b1a-3f95-40ca-b0e2-c78170fca0c5,management.juegos,available,76,23,10,,,
3fa9abeb-c1f8-49d8-9213-44a51d48caca,management.kaufen,premium,76,23,10,,,
4dfa4f8a-d1f4-423a-b6a0-146e474db1a0,management.kids,premium,76,23,10,,,
115f0175-2f0f-417c-8e9d-28fad0c703cc,management.kitchen,premium,76,23,10,,,
f5d5724a-71c2-4dbe-b91f-e2fb406f193e,management.lat,resell,76,23,10,"Spaceship, Inc.",15/12/2024 16:19,15/12/2026 23:59
0de8198d-fe12-46ad-aeb4-337ed735c8da,management.lawyer,premium,76,23,10,,,
e50803d0-1761-4cbd-bb97-f62d5ec10eff,management.lgbt,available,76,23,10,,,
2a6448d3-09f0-44d4-b19a-aa7807dac775,management.life,resell,76,23,10,"Spaceship, Inc.",24/03/2022 13:15,24/03/2026 13:15
597dc372-da58-41e5-86a8-c8c73841a028,management.lifestyle,premium,76,23,10,,,
29c29e10-7239-42bc-a72e-6513584c6002,management.lighting,available,76,23,10,,,
9edf3040-3b9b-43fd-8c1f-3405ffa4b745,management.limo,available,76,23,10,,,
b070f7cf-9231-4aeb-9c59-6b9ce00d94a4,management.link,premium,76,23,10,,,
895f679d-facc-462a-93e5-553256f592f4,management.living,premium,76,23,10,,,
4cbdb5f8-60a4-4503-9709-01d8c701ca52,management.llc,premium,76,23,10,,,
4627a458-bfcc-4025-a299-5296f7066603,management.loan,premium,76,23,10,,,
b781b317-6492-4402-8eec-b62b23e9c9fb,management.loans,available,76,23,10,,,
71f02ab3-feb2-490d-9cf2-29aad970249e,management.locker,premium,76,23,10,,,
8a404d87-b91a-4ac3-89b0-e9dc55dd3299,management.lol,expiring,76,23,10,"Spaceship, Inc.",26/12/2024 13:24,26/12/2025 23:59
c1e97b3c-83a4-4f40-bbed-87e741fa43fb,management.london,premium,76,23,10,,,
35083bd1-cc99-46cf-9fc4-db08a18fe3b7,management.love,premium,76,23,10,,,
0d3469b7-d1ff-42ff-8e4b-e518349c8a78,management.ltda,premium,76,23,10,,,
60e9059e-b2cb-49a6-bb0a-3fcca478f3ee,management.luxe,available,76,23,10,,,
61c3675a-5cdd-472f-84fd-e714e17af70e,management.maison,available,76,23,10,,,
86852c8e-3ae4-4964-ae6c-39997aef11c2,management.makeup,available,76,23,10,,,
11695530-1ef4-4e41-86c8-5505adb9dabe,management.market,premium,76,23,10,,,
6c620f56-b63b-4674-b288-ab49cef371a2,management.me,resell,76,23,10,Dynadot Inc,13/09/2015 02:35,13/09/2026 02:35
7e078c2c-c77e-4b1c-a0b4-9e8240ef12bd,management.melbourne,premium,76,23,10,,,
8dfbe487-a3b3-4cc5-bd07-1b8d287a9792,management.meme,premium,76,23,10,,,
d69f9a2a-8222-461a-8588-da9db072f756,management.memorial,available,76,23,10,,,
9f087088-7805-4a93-ae96-6ae0df8397a6,management.men,available,76,23,10,,,
7d17576e-80a2-498d-bbc8-75617bb1e811,management.menu,available,76,23,10,,,
05a9ec5b-08ec-4fbd-b392-072744e621d2,management.miami,premium,76,23,10,,,
78ce1041-2e80-45df-b9d9-808e5168ee79,management.mobi,premium,76,23,10,,,
4c9e6f6b-7581-4871-b5bc-096cdf379e91,management.moda,available,76,23,10,,,
ce7a9389-7c30-43ae-8889-22ed5857c5da,management.moe,available,76,23,10,,,
b0cd3e1e-7212-47fe-a751-b2c80069f1db,management.mom,available,76,23,10,,,
e3f370e1-4383-43fd-a38a-c27a8ed87526,management.money,expired,76,23,10,"Spaceship, Inc.",28/10/2019 20:40,28/10/2025 20:40
f9357624-9507-47e2-88b2-78e54423b159,management.mortgage,premium,76,23,10,,,
7b29749b-ff73-4e22-a9cc-eda39c2ceac7,management.motorcycles,available,76,23,10,,,
5d259449-23b9-4af5-92a2-dc0dc2d2ce22,management.mov,premium,76,23,10,,,
f7d003df-bc91-4ffa-a72f-7ed9b203f1b5,management.movie,available,76,23,10,,,
b8c653dc-98e3-4e7f-bdaa-1eac1b377d8f,management.music,premium,76,23,10,,,
b516d4a9-89b6-4bfd-b29d-dafb1d3eaf5e,management.mx,resell,76,23,10,Edomains LLC,31/05/2021 00:00,31/05/2026 00:00
4aa5a4f5-db4c-4386-bbf1-6637eb1036d6,management.name,premium,76,23,10,,,
7bc5a6f4-2a58-4b52-9ad4-aa4701691bbe,management.navy,available,76,23,10,,,
78dd1561-6128-4710-ac8e-6bfe4abc25cf,management.news,premium,76,23,10,,,